movieId,overview,tagline,director,cast,poster_url,budget,revenue
1,"A group of toys discover loyalty, jealousy, and friendship after a new space ranger joins the room.","The adventure takes off",John Lasseter,"Tom Hanks|Tim Allen|Annie Potts",https://image.tmdb.org/t/p/w500/uXDfjJbdP4ijW5hWSBrPrlKpxab.jpg,30000000,394436586
2,"Children unlock a magical board game that brings jungle hazards into the real world.","Roll the dice and unleash the excitement",Joe Johnston,"Robin Williams|Kirsten Dunst|Bonnie Hunt",https://image.tmdb.org/t/p/w500/vgpXmVaVyUL7GGiDeiK1mKEKzcX.jpg,65000000,262797249
3,"A professional thief and a relentless detective move toward a high-stakes confrontation in Los Angeles.","A Los Angeles crime saga",Michael Mann,"Al Pacino|Robert De Niro|Val Kilmer",https://image.tmdb.org/t/p/w500/umSVjVdbVwtx5ryCA2QXL44Durm.jpg,60000000,187436818
4,"A chauffeur's daughter returns from Paris and disrupts a wealthy family's romantic plans.","You are cordially invited to the most surprising merger of the year",Sydney Pollack,"Harrison Ford|Julia Ormond|Greg Kinnear",https://image.tmdb.org/t/p/w500/z1oNjotUI7D06J4LWQFQzdIuPnf.jpg,58000000,53672080
5,"James Bond races to stop a stolen satellite weapon from causing global chaos.","No limits. No fears. No substitutes.",Martin Campbell,"Pierce Brosnan|Sean Bean|Izabella Scorupco",https://image.tmdb.org/t/p/w500/z0ljRnNxIO7CRBhLEO0DvLgAFPR.jpg,58000000,352194034
6,"A widowed US president falls for a lobbyist while fighting for an environmental bill.","Why can't the most powerful man in the world have the one thing he wants most?",Rob Reiner,"Michael Douglas|Annette Bening|Martin Sheen",https://image.tmdb.org/t/p/w500/yObOAYFIHXHkFPQ3jhgkN2ezaD.jpg,62000000,107879496
7,"Two detectives hunt a serial killer whose crimes follow the seven deadly sins.","Seven deadly sins. Seven ways to die.",David Fincher,"Brad Pitt|Morgan Freeman|Gwyneth Paltrow",https://image.tmdb.org/t/p/w500/6yoghtyTpznpBik8EngEmJskVUO.jpg,33000000,327311859
8,"A survivor of a dockside massacre tells a twisted story about criminals and a legendary mastermind.","Five criminals. One line up. No coincidence.",Bryan Singer,"Kevin Spacey|Gabriel Byrne|Chazz Palminteri",https://image.tmdb.org/t/p/w500/rWbsxdwF9qQzpTPCLmDfVnVqTK1.jpg,6000000,23341568
9,"A Scottish warrior leads a rebellion against English rule after personal tragedy.","Every man dies. Not every man really lives.",Mel Gibson,"Mel Gibson|Sophie Marceau|Patrick McGoohan",https://image.tmdb.org/t/p/w500/or1gBugydmjToAEq7OZY0owwFk.jpg,72000000,213216216
10,"A stylish Beverly Hills teenager tries to improve other people's lives while learning about her own.","Sex. Clothes. Popularity. Is there a problem here?",Amy Heckerling,"Alicia Silverstone|Stacey Dash|Brittany Murphy",https://image.tmdb.org/t/p/w500/8AwVTcgpTnmeOs4TdTWqcFDXEsA.jpg,12000000,56631572
11,"NASA engineers improvise a rescue after an oxygen tank explosion cripples a moon mission.","Houston, we have a problem.",Ron Howard,"Tom Hanks|Bill Paxton|Kevin Bacon",https://image.tmdb.org/t/p/w500/oYUZHYMwNKnE1ef4WE5Hw2a9OAY.jpg,52000000,355237933
12,"A polite pig learns to herd sheep and changes the rules of the farm.","A little pig goes a long way",Chris Noonan,"James Cromwell|Magda Szubanski|Christine Cavanaugh",https://image.tmdb.org/t/p/w500/gN6X3fwPya8pLffk9OEWV3DqBnE.jpg,30000000,254134910
13,"A lonely veteran drives a cab through New York and descends into obsession.","On every street in every city, there is a nobody who dreams of being a somebody.",Martin Scorsese,"Robert De Niro|Jodie Foster|Cybill Shepherd",https://image.tmdb.org/t/p/w500/ekstpH614fwDX8DUln1a2Opz0N8.jpg,1900000,28600000
14,"A farm boy joins a rebel alliance and discovers a destiny among the stars.","A long time ago in a galaxy far, far away...",George Lucas,"Mark Hamill|Harrison Ford|Carrie Fisher",https://image.tmdb.org/t/p/w500/6FfCtAuVAW8XJjZ7eWeLibRLWTw.jpg,11000000,775398007
15,"A commercial spaceship crew encounters a lethal extraterrestrial lifeform.","In space no one can hear you scream.",Ridley Scott,"Sigourney Weaver|Tom Skerritt|John Hurt",https://image.tmdb.org/t/p/w500/vfrQk5IPloGg1v9Rzbh2Eg3VGyM.jpg,11000000,104931801
16,"A teenager travels through time in a sports car and must repair his own history.","He's the only kid ever to get into trouble before he was born.",Robert Zemeckis,"Michael J. Fox|Christopher Lloyd|Lea Thompson",https://image.tmdb.org/t/p/w500/fNOH9f1aA7XRTzl1sAOx9iF553Q.jpg,19000000,381109762
17,"A hacker learns reality is a simulation and joins a rebellion against machine control.","Welcome to the real world.",Lana Wachowski|Lilly Wachowski,"Keanu Reeves|Laurence Fishburne|Carrie-Anne Moss",https://image.tmdb.org/t/p/w500/f89U3ADr1oiB1s9GkdPOEpXUk5H.jpg,63000000,463517383
18,"An office worker and a charismatic stranger build an underground club that becomes something darker.","Mischief. Mayhem. Soap.",David Fincher,"Brad Pitt|Edward Norton|Helena Bonham Carter",https://image.tmdb.org/t/p/w500/pB8BM7pdSp6B6Ih7QZ4DrQ3PmJK.jpg,63000000,101209702
19,"A cautious clownfish crosses the ocean to rescue his son with help from a forgetful friend.","There are 3.7 trillion fish in the ocean. They're looking for one.",Andrew Stanton,"Albert Brooks|Ellen DeGeneres|Alexander Gould",https://image.tmdb.org/t/p/w500/eHuGQ10FUzK1mdOY69wF5pGgEf5.jpg,94000000,940335536
20,"Batman faces a criminal mastermind who turns Gotham's moral order into chaos.","Why so serious?",Christopher Nolan,"Christian Bale|Heath Ledger|Aaron Eckhart",https://image.tmdb.org/t/p/w500/qJ2tW6WMUDux911r6m7haRef0WH.jpg,185000000,1004558444
21,"A thief who steals secrets through dreams is offered a chance to erase his past.","Your mind is the scene of the crime.",Christopher Nolan,"Leonardo DiCaprio|Joseph Gordon-Levitt|Elliot Page",https://image.tmdb.org/t/p/w500/edv5CZvWj09upOsy2Y6IwDhK8bt.jpg,160000000,839030630
22,"Explorers travel through a wormhole to find a future for humanity as Earth becomes unlivable.","Mankind was born on Earth. It was never meant to die here.",Christopher Nolan,"Matthew McConaughey|Anne Hathaway|Jessica Chastain",https://image.tmdb.org/t/p/w500/gEU2QniE6E77NI6lCU6MxlNBvIx.jpg,165000000,701729206
23,"A jazz pianist and an aspiring actor fall in love while chasing careers in Los Angeles.","Here's to the fools who dream.",Damien Chazelle,"Ryan Gosling|Emma Stone|John Legend",https://image.tmdb.org/t/p/w500/uDO8zWDhfWwoFdKS4fzkUJt0Rf0.jpg,30000000,447407695
24,"A poor family infiltrates a wealthy household and exposes class tensions with dark humor.","Act like you own the place.",Bong Joon Ho,"Song Kang-ho|Cho Yeo-jeong|Park So-dam",https://image.tmdb.org/t/p/w500/7IiTTgloJzvGI1TAYymCfbfl3vT.jpg,11400000,262676096
25,"A laundromat owner is pulled into a multiverse crisis where small choices carry cosmic weight.","The universe is so much bigger than you realize.",Daniel Kwan|Daniel Scheinert,"Michelle Yeoh|Stephanie Hsu|Ke Huy Quan",https://image.tmdb.org/t/p/w500/w3LxiVYdWWRvEVdn5RYq6jIqkb1.jpg,25000000,143400000
