username,status,crawled_at
taytayharvay14,done,2026-05-25T11:31:48+00:00
zanqo,done,2026-05-25T11:32:35+00:00
johnnyrecher,done,2026-05-25T11:33:25+00:00
bruceberls,done,2026-05-25T11:34:24+00:00
essssssther,done,2026-05-25T11:35:14+00:00
xabienagosto,done,2026-05-25T11:36:00+00:00
oferol,done,2026-05-25T11:36:51+00:00
rachelmane,done,2026-05-25T11:37:46+00:00
jessbarajass,done,2026-05-25T11:38:30+00:00
djtommyh,done,2026-05-25T11:39:13+00:00
brownybear,done,2026-05-25T11:40:00+00:00
ddasch,done,2026-05-25T11:40:45+00:00
eilkay,done,2026-05-25T11:41:33+00:00
meglen,done,2026-05-25T11:42:19+00:00
laenushka,done,2026-05-25T11:43:03+00:00
pariyatabar,done,2026-05-25T11:43:50+00:00
seismicdrift,done,2026-05-25T11:44:34+00:00
caitlynmeows,done,2026-05-25T11:45:23+00:00
flou62,done,2026-05-25T11:46:20+00:00
lil_tgs,done,2026-05-25T11:47:09+00:00
talkharder84,done,2026-05-25T11:47:53+00:00
thegabbersnacks,done,2026-05-25T11:48:40+00:00
titobisa,done,2026-05-25T11:49:33+00:00
maceulysse,done,2026-05-25T11:50:17+00:00
juniedotmp3,done,2026-05-25T11:51:08+00:00
nickydean901,done,2026-05-25T11:52:00+00:00
nico77210,done,2026-05-25T11:52:51+00:00
alliex_x,done,2026-05-25T11:53:50+00:00
mehitsmichael,done,2026-05-25T11:54:40+00:00
pedroviskonedge,done,2026-05-25T11:55:33+00:00
totd,done,2026-05-25T11:56:21+00:00
6sixeyes,done,2026-05-25T11:57:20+00:00
chan12345789,done,2026-05-25T11:58:08+00:00
eddiemoreorless,done,2026-05-25T11:58:58+00:00
ilotta14,done,2026-05-25T12:00:00+00:00
leo1370,done,2026-05-25T12:00:46+00:00
lone_skum,done,2026-05-25T12:01:40+00:00
mclovinbaba,done,2026-05-25T12:02:30+00:00
meanaursaur,done,2026-05-25T12:03:14+00:00
medusi8,done,2026-05-25T12:04:05+00:00
oghb99,done,2026-05-25T12:05:00+00:00
salomoniy,done,2026-05-25T12:05:50+00:00
thspicemf1208,done,2026-05-25T12:06:41+00:00
yembee,done,2026-05-25T12:07:25+00:00
bbeammest,done,2026-05-25T12:08:11+00:00
bradfisher97,done,2026-05-25T12:08:56+00:00
danye3ast,done,2026-05-25T12:09:52+00:00
gioannidis05,done,2026-05-25T12:10:43+00:00
lisa_blanche12,done,2026-05-25T12:11:37+00:00
mawais471,done,2026-05-25T12:12:25+00:00
postcreditsvoid,done,2026-05-25T12:13:13+00:00
turtlelyte,done,2026-05-25T12:13:54+00:00
akaps9,done,2026-05-25T12:14:39+00:00
alecia0517,done,2026-05-25T12:15:40+00:00
fuwalda03,done,2026-05-25T12:16:33+00:00
giuliaaaar,done,2026-05-25T12:17:19+00:00
maverickmultani,done,2026-05-25T12:18:06+00:00
mmmmill,done,2026-05-25T12:18:55+00:00
noemangin,done,2026-05-25T12:19:45+00:00
sofasiento,done,2026-05-25T12:20:34+00:00
terkin54,done,2026-05-25T12:21:19+00:00
yotango,done,2026-05-25T12:22:06+00:00
_elevxinovax_,done,2026-05-25T12:22:56+00:00
bhavyajoshi,done,2026-05-25T12:23:45+00:00
dimosfa,done,2026-05-25T12:24:36+00:00
e_mcm1,done,2026-05-25T12:25:22+00:00
fineasth,done,2026-05-25T12:26:12+00:00
hannis_0206,done,2026-05-25T12:27:05+00:00
kuubraa,done,2026-05-25T12:27:52+00:00
laventiur,done,2026-05-25T12:28:43+00:00
nogoodsteve,done,2026-05-25T12:29:40+00:00
olbaws,done,2026-05-25T12:30:28+00:00
tedkeyes,done,2026-05-25T12:31:18+00:00
aetr04,done,2026-05-25T12:32:10+00:00
agsuts,done,2026-05-25T12:33:01+00:00
bigbosskilla,done,2026-05-25T12:33:50+00:00
coscooo,done,2026-05-25T12:34:52+00:00
csn_cerenimo,done,2026-05-25T12:35:37+00:00
echio97,done,2026-05-25T12:36:26+00:00
fatmaacikel,done,2026-05-25T12:37:29+00:00
gdol,done,2026-05-25T12:38:14+00:00
igonn,done,2026-05-25T12:38:58+00:00
invinceible,done,2026-05-25T12:39:54+00:00
nataliesparedes,done,2026-05-25T12:40:52+00:00
nightingale_01,done,2026-05-25T12:41:46+00:00
photowalavakeel,done,2026-05-25T12:42:39+00:00
spaceflower2,done,2026-05-25T12:43:38+00:00
theogrobler,done,2026-05-25T12:44:28+00:00
adeliow,done,2026-05-25T12:45:12+00:00
bugzz04,done,2026-05-25T12:46:11+00:00
choochootram,done,2026-05-25T12:47:10+00:00
cinephilemurloc,done,2026-05-25T12:48:04+00:00
delei_eternal,done,2026-05-25T12:48:59+00:00
ducklina,done,2026-05-25T12:49:53+00:00
dy97,done,2026-05-25T12:50:46+00:00
eneeex,done,2026-05-25T12:51:46+00:00
giulia_gwa,done,2026-05-25T12:52:44+00:00
internet_pr1nce,done,2026-05-25T12:53:43+00:00
joaocancello1,done,2026-05-25T12:54:28+00:00
labat17,done,2026-05-25T12:55:23+00:00
livingdedgiirll,done,2026-05-25T12:56:13+00:00
lynn12132,done,2026-05-25T12:56:59+00:00
mati69420,done,2026-05-25T12:57:50+00:00
msdwain,done,2026-05-25T12:58:40+00:00
muhammed7s,done,2026-05-25T12:59:28+00:00
mwcoast,done,2026-05-25T13:00:24+00:00
parmisbhf,done,2026-05-25T13:01:11+00:00
patrycjaantczak,done,2026-05-25T13:01:56+00:00
pitiath,done,2026-05-25T13:02:46+00:00
sal_saperstein,done,2026-05-25T13:03:45+00:00
scoobysnacky,done,2026-05-25T13:04:35+00:00
selfdeprivation,done,2026-05-25T13:05:23+00:00
sillygoose231,done,2026-05-25T13:06:24+00:00
thadeu5,done,2026-05-25T13:07:19+00:00
0_savy_0,done,2026-05-25T13:08:09+00:00
alishhh_watches,done,2026-05-25T13:09:05+00:00
amayacinemas,done,2026-05-25T13:10:03+00:00
andik_,done,2026-05-25T13:10:57+00:00
andrepelle07,done,2026-05-25T13:11:47+00:00
andsevval,done,2026-05-25T13:12:42+00:00
anushhkkaaa,done,2026-05-25T13:13:34+00:00
arm_on,done,2026-05-25T13:14:39+00:00
arthur_brown,done,2026-05-25T13:15:42+00:00
aryapotdar,done,2026-05-25T13:16:28+00:00
bavila,done,2026-05-25T13:17:17+00:00
brutalyouth,done,2026-05-25T13:18:09+00:00
crossfire007,done,2026-05-25T13:19:00+00:00
crownfall,done,2026-05-25T13:19:58+00:00
derentaylan,done,2026-05-25T13:20:46+00:00
dursunovich,done,2026-05-25T13:21:33+00:00
dylanhv03,done,2026-05-25T13:22:23+00:00
fatoubah006,done,2026-05-25T13:23:11+00:00
figsryummy333,done,2026-05-25T13:24:02+00:00
ikerrrr_,done,2026-05-25T13:25:01+00:00
ilovemp3,done,2026-05-25T13:25:51+00:00
jamesgs05,done,2026-05-25T13:26:45+00:00
jbert77,done,2026-05-25T13:27:32+00:00
jocoe,done,2026-05-25T13:28:30+00:00
joshuakeirstead,done,2026-05-25T13:29:23+00:00
k1kyy,done,2026-05-25T13:30:21+00:00
kimie312,done,2026-05-25T13:31:06+00:00
kingdavid25,done,2026-05-25T13:31:57+00:00
luanalisboaa,done,2026-05-25T13:32:47+00:00
luke_51,done,2026-05-25T13:33:26+00:00
mikej06,done,2026-05-25T13:34:09+00:00
mmdlfid,done,2026-05-25T13:35:07+00:00
mrwcw,done,2026-05-25T13:35:53+00:00
my9ridesshotgun,done,2026-05-25T13:36:57+00:00
note5,done,2026-05-25T13:37:43+00:00
priya_hrp,done,2026-05-25T13:38:44+00:00
ratch07,done,2026-05-25T13:39:39+00:00
shumagora,done,2026-05-25T13:40:32+00:00
spr1nkleglitter,done,2026-05-25T13:41:26+00:00
thejihane,done,2026-05-25T13:42:23+00:00
thekidvin,done,2026-05-25T13:43:18+00:00
thunderlevin,done,2026-05-25T13:44:05+00:00
tsumour,done,2026-05-25T13:45:01+00:00
vinci2255,done,2026-05-25T13:45:46+00:00
yboyles,done,2026-05-25T13:46:31+00:00
ysmanp,done,2026-05-25T13:47:16+00:00
zecalb00,done,2026-05-25T13:48:02+00:00
7j1kz,done,2026-05-25T13:48:53+00:00
_women,done,2026-05-25T13:49:45+00:00
aenanahh,done,2026-05-25T13:50:50+00:00
alice_v0909,done,2026-05-25T13:51:37+00:00
arek96,done,2026-05-25T13:52:41+00:00
aslmd,done,2026-05-25T13:53:24+00:00
avabava55555,done,2026-05-25T13:54:13+00:00
biancazavoianu,done,2026-05-25T13:55:13+00:00
binnch,done,2026-05-25T13:56:01+00:00
blackmist,done,2026-05-25T13:56:49+00:00
blueberrychoc,done,2026-05-25T13:57:42+00:00
brazzyreece,done,2026-05-25T13:58:29+00:00
cdiemer,done,2026-05-25T13:59:30+00:00
cecerrs,done,2026-05-25T14:00:15+00:00
chimkennns,done,2026-05-25T14:01:13+00:00
clawal,done,2026-05-25T14:01:56+00:00
crispywang,done,2026-05-25T14:02:46+00:00
curiousclimber,done,2026-05-25T14:03:33+00:00
doog123,done,2026-05-25T14:04:19+00:00
ducky4080,done,2026-05-25T14:05:10+00:00
ecritosalcarazz,done,2026-05-25T14:06:04+00:00
estebanpllt,done,2026-05-25T14:06:51+00:00
fangzs,done,2026-05-25T14:07:37+00:00
flickfanatic1,done,2026-05-25T14:08:39+00:00
gabiellap,done,2026-05-25T14:09:31+00:00
gogodughetto,done,2026-05-25T14:10:21+00:00
injao_,done,2026-05-25T14:11:01+00:00
insideworld47,done,2026-05-25T14:11:56+00:00
itzmostafa_,done,2026-05-25T14:12:40+00:00
joshh__,done,2026-05-25T14:13:42+00:00
kaayliciouus,done,2026-05-25T14:14:31+00:00
kahyene,done,2026-05-25T14:15:23+00:00
krshynoodles,done,2026-05-25T14:16:06+00:00
leejaeyeon,done,2026-05-25T14:16:57+00:00
lyn_mf,done,2026-05-25T14:17:57+00:00
magkatu,done,2026-05-25T14:18:57+00:00
malatesta24,done,2026-05-25T14:19:43+00:00
mikuuz,done,2026-05-25T14:20:37+00:00
minalunafilms,done,2026-05-25T14:21:35+00:00
nenok,done,2026-05-25T14:45:21+00:00
not_patrick,done,2026-05-25T14:46:25+00:00
olidoan,done,2026-05-25T14:47:12+00:00
raymond21,done,2026-05-25T14:48:08+00:00
requicker,done,2026-05-25T14:48:55+00:00
saaallaaar,done,2026-05-25T14:49:43+00:00
sammiihuang,done,2026-05-25T14:50:34+00:00
sehrajm,done,2026-05-25T14:51:27+00:00
sharkiedude,done,2026-05-25T14:52:17+00:00
stephaniekush,done,2026-05-25T14:53:10+00:00
uv3nus,done,2026-05-25T14:54:04+00:00
whlk,done,2026-05-25T14:54:51+00:00
winn_nniw,done,2026-05-25T14:55:45+00:00
xotwodvaleria,done,2026-05-25T14:56:40+00:00
yamfymar,done,2026-05-25T14:57:39+00:00
yasomeow,done,2026-05-25T14:58:28+00:00
zuzannk_4,done,2026-05-25T14:59:28+00:00
zuzara,done,2026-05-25T15:00:20+00:00
zwattage,done,2026-05-25T15:01:13+00:00
4evrya,done,2026-05-25T15:02:04+00:00
67moviemangoel,done,2026-05-25T15:02:58+00:00
70sdaydreams,done,2026-05-25T15:03:54+00:00
__67q_,done,2026-05-25T15:04:48+00:00
abhishekpaul22,done,2026-05-25T15:05:50+00:00
akalanadelrey9k,done,2026-05-25T15:06:47+00:00
alesandria,done,2026-05-25T15:08:45+00:00
alix_12,done,2026-05-25T15:09:36+00:00
allen81,done,2026-05-25T15:10:26+00:00
alonicaaaa,done,2026-05-25T15:11:31+00:00
alyahaa,done,2026-05-25T15:12:32+00:00
ambe_thompson,done,2026-05-25T15:13:16+00:00
ameliamarc,done,2026-05-25T15:14:08+00:00
anandumadhu_,done,2026-05-25T15:15:02+00:00
angelicacapipi,done,2026-05-25T15:15:46+00:00
aquarius_music,done,2026-05-25T15:16:39+00:00
ariana_mstrg,done,2026-05-25T15:17:28+00:00
arlensr,done,2026-05-25T15:22:36+00:00
asherrmustdie,done,2026-05-25T15:23:29+00:00
athenaid,done,2026-05-25T15:24:23+00:00
bel_chen,done,2026-05-25T15:25:20+00:00
bigpopcornguy,done,2026-05-25T15:26:25+00:00
blackyboy,done,2026-05-25T15:27:12+00:00
bm106767,done,2026-05-25T15:28:04+00:00
bnp4000,done,2026-05-25T15:28:57+00:00
broccolleyy,done,2026-05-25T15:29:57+00:00
brynnarb,done,2026-05-25T15:30:44+00:00
byeworld_almost,done,2026-05-25T15:31:36+00:00
caitttt,done,2026-05-25T15:32:35+00:00
carlo_pelle,done,2026-05-25T15:33:26+00:00
cecilial8r,done,2026-05-25T15:34:24+00:00
charlovesu,done,2026-05-25T15:35:13+00:00
chookeydee,done,2026-05-25T15:36:08+00:00
christian_g8,done,2026-05-25T15:36:56+00:00
claito,done,2026-05-25T15:37:52+00:00
claradeovo1,done,2026-05-25T15:38:47+00:00
clwqstf0,done,2026-05-25T15:39:42+00:00
cofi09_,done,2026-05-25T15:40:32+00:00
colinnguyen123,done,2026-05-25T15:41:23+00:00
ctilli,done,2026-05-25T15:43:02+00:00
cupiddeluxe_,done,2026-05-25T15:44:04+00:00
dani_ituarte,done,2026-05-25T15:45:02+00:00
danysanak,done,2026-05-25T15:45:49+00:00
daydreamrd1,done,2026-05-25T15:46:35+00:00
dconx,done,2026-05-25T15:48:08+00:00
deadstar423,done,2026-05-25T15:48:56+00:00
destroyyaa,done,2026-05-25T15:49:56+00:00
diegosqueff,done,2026-05-25T15:50:46+00:00
dietmiranda,done,2026-05-25T15:51:51+00:00
dmcd21,done,2026-05-25T15:52:42+00:00
e_miyahara,done,2026-05-25T15:53:47+00:00
einewienina,done,2026-05-25T15:54:41+00:00
elizabethhilgen,done,2026-05-25T15:55:30+00:00
ellabellaaa123,done,2026-05-25T15:56:22+00:00
emae42,done,2026-05-25T15:57:14+00:00
eyirvn,done,2026-05-25T15:58:02+00:00
ezxangel,done,2026-05-25T15:58:50+00:00
farleezy,done,2026-05-25T15:59:46+00:00
faseeh_49,done,2026-05-25T16:00:40+00:00
felixquiter,done,2026-05-25T16:01:25+00:00
fexpq,done,2026-05-25T16:02:09+00:00
fleuriechen,done,2026-05-25T16:02:55+00:00
gb604,done,2026-05-25T16:03:57+00:00
gleemio,done,2026-05-25T16:04:45+00:00
glvthadhd,done,2026-05-25T16:05:34+00:00
goatphia,done,2026-05-25T16:06:29+00:00
gwenn7,done,2026-05-25T16:07:13+00:00
hamadalshatti08,done,2026-05-25T16:09:08+00:00
harharyhar,done,2026-05-25T16:10:02+00:00
hazelmazebabe,done,2026-05-25T16:10:58+00:00
idania12367,done,2026-05-25T16:11:53+00:00
iitsluaa,done,2026-05-25T16:12:50+00:00
ilovecaifan,done,2026-05-25T16:13:37+00:00
impalafckin67,done,2026-05-25T16:14:28+00:00
irljustice,done,2026-05-25T16:15:18+00:00
islamckay123,done,2026-05-25T16:16:10+00:00
itstanja22,done,2026-05-25T16:17:11+00:00
jackisgood,done,2026-05-25T16:18:05+00:00
jhonnyehrlich,done,2026-05-25T16:18:50+00:00
josiejpg,done,2026-05-25T16:19:45+00:00
kaan123456,done,2026-05-25T16:20:46+00:00
kaaydeeen,done,2026-05-25T16:21:33+00:00
kalliell,done,2026-05-25T16:22:23+00:00
kaytej27,done,2026-05-25T16:23:11+00:00
keeko23,done,2026-05-25T16:24:03+00:00
kirasxcx,done,2026-05-26T02:29:42+00:00
laakeeyyy,done,2026-05-26T02:30:37+00:00
lesion03,done,2026-05-26T02:31:33+00:00
lilhigh,done,2026-05-26T02:32:23+00:00
lillixoo,done,2026-05-26T02:34:00+00:00
lsamut,done,2026-05-26T02:34:57+00:00
lucas450,done,2026-05-26T02:35:50+00:00
malekqua7,done,2026-05-26T02:36:43+00:00
manoellacomo,done,2026-05-26T02:37:46+00:00
marcellamassa,done,2026-05-26T02:38:43+00:00
mellynnv,done,2026-05-26T02:39:30+00:00
michiee,done,2026-05-26T02:41:22+00:00
miehak,done,2026-05-26T02:42:09+00:00
mvteeeo10,done,2026-05-26T02:42:51+00:00
nagitopoop,done,2026-05-26T02:43:38+00:00
nailus_pitailus,done,2026-05-26T02:44:23+00:00
nickelp98,done,2026-05-26T02:45:08+00:00
nomoreworkhere,done,2026-05-26T02:45:59+00:00
nxcle,done,2026-05-26T02:47:00+00:00
nyawnyaw_vie,done,2026-05-26T02:47:56+00:00
o9rie,done,2026-05-26T02:48:46+00:00
olaussen08,done,2026-05-26T02:49:40+00:00
olivia_tru,done,2026-05-26T02:50:28+00:00
oliviadewar,done,2026-05-26T02:51:16+00:00
onofrr,done,2026-05-26T02:52:11+00:00
pavle_vel,done,2026-05-26T02:53:15+00:00
pidjiji,done,2026-05-26T02:54:08+00:00
poussieres,done,2026-05-26T02:55:05+00:00
pstakelon,done,2026-05-26T02:55:57+00:00
ramrarar,done,2026-05-26T02:56:45+00:00
revvyway,done,2026-05-26T02:57:46+00:00
riksflix,done,2026-05-26T02:58:34+00:00
roshainfdo,done,2026-05-26T02:59:26+00:00
rrvdk,done,2026-05-26T03:00:29+00:00
saaaaanvi,done,2026-05-26T03:01:16+00:00
sarraaaqqg,done,2026-05-26T03:02:11+00:00
seeergiodiiiaz,done,2026-05-26T03:03:05+00:00
shiniesyn,done,2026-05-26T03:03:49+00:00
shrey2,done,2026-05-26T03:04:37+00:00
skapowa,done,2026-05-26T03:05:29+00:00
soyglou,done,2026-05-26T03:06:14+00:00
spidremna,done,2026-05-26T03:07:00+00:00
starlord10,done,2026-05-26T03:07:46+00:00
suedak,done,2026-05-26T03:08:33+00:00
t_pa_bo,done,2026-05-26T03:09:14+00:00
tanishadddelima,done,2026-05-26T03:10:04+00:00
tatumbottle,done,2026-05-26T03:10:54+00:00
teeshirtt,done,2026-05-26T03:11:36+00:00
torlav,done,2026-05-26T03:12:36+00:00
toutau17,done,2026-05-26T03:13:30+00:00
tsibar,done,2026-05-26T03:14:18+00:00
tyzavien,done,2026-05-26T03:15:16+00:00
wepaine41,done,2026-05-26T03:16:05+00:00
whumble,done,2026-05-26T03:17:00+00:00
xxxsokucuxxx,done,2026-05-26T03:17:57+00:00
yousef__18,done,2026-05-26T03:18:51+00:00
zaihb,done,2026-05-26T03:19:45+00:00
zaiidynm,done,2026-05-26T03:20:35+00:00
zaki_404,done,2026-05-26T03:21:31+00:00
zoedewarren,done,2026-05-26T03:22:27+00:00
zy_0wb,done,2026-05-26T03:23:29+00:00
03raul,done,2026-05-26T03:24:18+00:00
101epic,done,2026-05-26T03:25:14+00:00
10applepi,done,2026-05-26T03:26:13+00:00
1bandxt,done,2026-05-26T03:27:19+00:00
1nsss,done,2026-05-26T03:28:25+00:00
3lsc1,done,2026-05-26T03:29:18+00:00
6chris7,done,2026-05-26T03:30:02+00:00
6space6bootz6,done,2026-05-26T03:31:01+00:00
_bywhatever,done,2026-05-26T03:31:59+00:00
_canett,done,2026-05-26T03:32:55+00:00
_iheartsavannah,done,2026-05-26T03:33:49+00:00
_josegonzalez,done,2026-05-26T03:34:47+00:00
_liott,done,2026-05-26T03:35:43+00:00
_nvther,done,2026-05-26T03:36:30+00:00
_shbatski,done,2026-05-26T03:37:32+00:00
a24cut,done,2026-05-26T03:38:41+00:00
abhiardeshana,done,2026-05-26T03:39:33+00:00
abipolomints,done,2026-05-26T03:40:33+00:00
abnueve,done,2026-05-26T03:41:33+00:00
abstractrhythm,done,2026-05-26T03:42:30+00:00
abstractviewer,done,2026-05-26T03:43:27+00:00
aceeeeey_29,done,2026-05-26T03:44:24+00:00
aceofhearts46,done,2026-05-26T03:45:20+00:00
acsmith0425,done,2026-05-26T03:46:06+00:00
acuted,done,2026-05-26T03:46:57+00:00
adambb1,done,2026-05-26T03:47:46+00:00
addrsmith,done,2026-05-26T03:48:44+00:00
adii123,done,2026-05-26T03:49:39+00:00
aegneous,done,2026-05-26T03:50:41+00:00
aelorian,done,2026-05-26T03:51:25+00:00
aero16141,done,2026-05-26T03:52:14+00:00
afireinhannah,done,2026-05-26T03:53:10+00:00
ahmaddy_a,done,2026-05-26T03:54:08+00:00
ahobeans,done,2026-05-26T03:54:53+00:00
aidanbuyak,done,2026-05-26T03:55:41+00:00
aidansuddeth5,done,2026-05-26T03:56:36+00:00
aifryerlover,done,2026-05-26T03:57:36+00:00
akastoneheart,done,2026-05-26T03:58:26+00:00
akuyi,done,2026-05-26T03:59:22+00:00
alan_esaul,done,2026-05-26T04:00:21+00:00
alazsolm,done,2026-05-26T04:01:10+00:00
aleisdelgado,done,2026-05-26T04:02:14+00:00
aleksandra_film,done,2026-05-26T04:03:12+00:00
aleksiku,done,2026-05-26T04:04:09+00:00
alessandro0404,done,2026-05-26T04:04:57+00:00
alex7712,done,2026-05-26T04:05:50+00:00
alexandria24,done,2026-05-26T04:06:39+00:00
alexandro_cet,done,2026-05-26T04:07:46+00:00
alexperzl,done,2026-05-26T04:08:43+00:00
alexrdu,done,2026-05-26T04:09:44+00:00
aliasa,done,2026-05-26T04:10:29+00:00
aliceholme,done,2026-05-26T04:11:26+00:00
alirosea,done,2026-05-26T04:12:24+00:00
alistairyu,done,2026-05-26T04:14:29+00:00
alixxia,done,2026-05-26T04:15:30+00:00
allie_nn,done,2026-05-26T04:16:37+00:00
allisonmango,done,2026-05-26T04:17:39+00:00
alonso2880,done,2026-05-26T04:18:38+00:00
aloz_22,done,2026-05-26T04:19:31+00:00
alsalat,done,2026-05-26T04:20:23+00:00
amal09,done,2026-05-26T04:21:22+00:00
amaryscas,done,2026-05-26T04:22:20+00:00
amayap7,done,2026-05-26T04:23:27+00:00
ambredt,done,2026-05-26T04:24:11+00:00
amievenrealyola,done,2026-05-26T04:25:13+00:00
aminqureshi9000,done,2026-05-26T04:25:57+00:00
and3rp3rry,done,2026-05-26T04:26:57+00:00
andarooly,done,2026-05-26T04:28:07+00:00
andreah_r,done,2026-05-26T04:29:06+00:00
andreallvs,done,2026-05-26T04:29:52+00:00
andreinapires,done,2026-05-26T04:30:49+00:00
andrzjj,done,2026-05-26T04:31:44+00:00
angelpuncher,done,2026-05-26T04:32:41+00:00
angieluciia,done,2026-05-26T04:33:26+00:00
annabelvuong,done,2026-05-26T04:34:18+00:00
annakatariinas,done,2026-05-26T04:35:10+00:00
anneyurei,done,2026-05-26T04:35:57+00:00
annieskim_,done,2026-05-26T04:37:08+00:00
annisadr1,done,2026-05-26T04:37:55+00:00
anokh_,done,2026-05-26T04:38:45+00:00
anomaliiii,done,2026-05-26T04:39:38+00:00
anshiiiill,done,2026-05-26T04:40:28+00:00
ant1996,done,2026-05-26T04:41:18+00:00
anthony_mejia,done,2026-05-26T04:42:06+00:00
antitoool,done,2026-05-26T04:42:58+00:00
apoooloonia,done,2026-05-26T04:43:39+00:00
apunkany,done,2026-05-26T04:44:41+00:00
ariaaa16,done,2026-05-26T04:45:50+00:00
ariaajade,done,2026-05-26T04:46:41+00:00
arisunset,done,2026-05-26T04:47:27+00:00
armeniaa10,done,2026-05-26T04:48:21+00:00
arnobrunelle,done,2026-05-26T04:51:06+00:00
artemisapollon,done,2026-05-26T04:52:01+00:00
arthfaels,done,2026-05-26T04:53:02+00:00
asadacolada,done,2026-05-26T04:53:56+00:00
ascendingsoup,done,2026-05-26T04:54:51+00:00
ashh666,done,2026-05-26T04:55:44+00:00
ashleyoku,done,2026-05-26T04:56:46+00:00
ashsparrow,done,2026-05-26T04:57:57+00:00
ashtondevan,done,2026-05-26T04:58:49+00:00
aspiringhoodrat,done,2026-05-26T04:59:49+00:00
asprokii,done,2026-05-26T05:00:45+00:00
asthmapump,done,2026-05-26T05:05:38+00:00
astriiddddd,done,2026-05-26T05:07:23+00:00
astron,done,2026-05-26T05:08:21+00:00
astron6hardfan,done,2026-05-26T05:09:22+00:00
atchey,done,2026-05-26T05:10:26+00:00
ateenagerinlove,done,2026-05-26T05:11:12+00:00
aubingo,done,2026-05-26T05:12:22+00:00
audreh,done,2026-05-26T05:13:25+00:00
audreyyy02,done,2026-05-26T05:14:17+00:00
auvvnie,done,2026-05-26T05:15:13+00:00
ava_phel22,done,2026-05-26T05:16:11+00:00
avahsohi,done,2026-05-26T05:17:01+00:00
avostrike,done,2026-05-26T05:17:49+00:00
aw1008,done,2026-05-26T05:18:39+00:00
awhtoast,done,2026-05-26T05:19:38+00:00
awino,done,2026-05-26T05:20:36+00:00
ayesab,done,2026-05-26T05:21:30+00:00
azraa99,done,2026-05-26T05:22:20+00:00
b3kugh,done,2026-05-26T05:23:17+00:00
b_rizzle2412,done,2026-05-26T05:24:17+00:00
babaganou5h,done,2026-05-26T05:25:09+00:00
baddiebear,done,2026-05-26T05:25:57+00:00
bakix,done,2026-05-26T05:26:44+00:00
bakugo_06,done,2026-05-26T05:27:37+00:00
balaric,done,2026-05-26T05:28:39+00:00
bambi757,done,2026-05-26T05:29:40+00:00
banana_ben007,done,2026-05-26T05:30:31+00:00
banananam,done,2026-05-26T05:31:31+00:00
bananyaa,done,2026-05-26T05:32:39+00:00
batuhan2335,done,2026-05-26T05:33:38+00:00
batuzg,done,2026-05-26T05:34:23+00:00
bazinga41,done,2026-05-26T05:35:35+00:00
bdoug008,done,2026-05-26T05:36:21+00:00
bear_nardy,done,2026-05-26T05:37:26+00:00
bebekuning,done,2026-05-26T05:38:24+00:00
notsoinnocent,done,2026-05-26T05:44:35+00:00
bella_332457jjj,done,2026-05-26T05:45:27+00:00
bellankovic,done,2026-05-26T05:46:09+00:00
benheath101,done,2026-05-26T05:47:01+00:00
benroa,done,2026-05-26T05:47:49+00:00
berkay07,done,2026-05-26T05:48:48+00:00
berke_akbulut,done,2026-05-26T05:49:44+00:00
beta865,done,2026-05-26T05:50:41+00:00
bettyblo,done,2026-05-26T05:52:35+00:00
bigbobert,done,2026-05-26T05:53:28+00:00
bignoosh,done,2026-05-26T05:54:23+00:00
binbbie,done,2026-05-26T05:55:19+00:00
binouzier,done,2026-05-26T05:56:16+00:00
biondo0,done,2026-05-26T05:57:13+00:00
bippityboopy,done,2026-05-26T05:58:02+00:00
birbles,done,2026-05-26T05:58:59+00:00
blackmonk2,done,2026-05-26T06:00:00+00:00
blaze_70,done,2026-05-26T06:00:59+00:00
blluo,done,2026-05-26T06:01:50+00:00
bloody_cape,done,2026-05-26T06:02:47+00:00
bloodybodyiiy,done,2026-05-26T06:03:48+00:00
bloona4333,done,2026-05-26T06:04:49+00:00
blueninja747,done,2026-05-26T06:05:31+00:00
bndomn,done,2026-05-26T06:06:38+00:00
boldheart,done,2026-05-26T06:07:51+00:00
bomboniiitoni,done,2026-05-26T06:08:49+00:00
boofjr,done,2026-05-26T06:10:25+00:00
bradenwalkerr12,done,2026-05-26T06:12:20+00:00
brandonr18,done,2026-05-26T06:13:07+00:00
brelex,done,2026-05-26T06:14:11+00:00
brianh94,done,2026-05-26T06:15:03+00:00
briellau,done,2026-05-26T06:15:58+00:00
britsorange,done,2026-05-26T06:16:45+00:00
brunnodblin,done,2026-05-26T06:17:43+00:00
brunowance,done,2026-05-26T06:18:53+00:00
bryansoltis,done,2026-05-26T06:19:50+00:00
bryanzone,done,2026-05-26T06:21:03+00:00
bwahboom,done,2026-05-26T06:22:02+00:00
cadamsbeyea,done,2026-05-26T06:22:50+00:00
cadet_roger,done,2026-05-26T06:23:47+00:00
calgo,done,2026-05-26T06:24:38+00:00
callenreesew,done,2026-05-26T06:25:33+00:00
camororo,done,2026-05-26T06:26:34+00:00
candelagarciadc,done,2026-05-26T06:27:32+00:00
cannibaii,done,2026-05-26T06:28:31+00:00
cardeesha,done,2026-05-26T06:29:44+00:00
caroline_k07,done,2026-05-26T06:30:47+00:00
carr0tt,done,2026-05-26T06:31:58+00:00
carterthage,done,2026-05-26T06:33:45+00:00
