username,overlap_count,created_at
zanqo,27,2026-05-25T08:14:12+00:00
taytayharvay14,27,2026-05-25T08:14:12+00:00
johnnyrecher,24,2026-05-25T08:14:12+00:00
essssssther,23,2026-05-25T08:14:12+00:00
bruceberls,23,2026-05-25T08:14:12+00:00
xabienagosto,22,2026-05-25T08:14:12+00:00
oferol,20,2026-05-25T08:14:12+00:00
rachelmane,20,2026-05-25T08:14:12+00:00
jessbarajass,19,2026-05-25T08:14:12+00:00
djtommyh,17,2026-05-25T08:14:12+00:00
eilkay,16,2026-05-25T08:14:12+00:00
brownybear,16,2026-05-25T08:14:12+00:00
meglen,16,2026-05-25T08:14:12+00:00
ddasch,16,2026-05-25T08:14:12+00:00
laenushka,15,2026-05-25T08:14:12+00:00
pariyatabar,15,2026-05-25T08:14:12+00:00
seismicdrift,15,2026-05-25T08:14:12+00:00
caitlynmeows,14,2026-05-25T08:14:12+00:00
flou62,14,2026-05-25T08:14:12+00:00
thegabbersnacks,14,2026-05-25T08:14:12+00:00
titobisa,14,2026-05-25T08:14:12+00:00
lil_tgs,14,2026-05-25T08:14:12+00:00
talkharder84,14,2026-05-25T08:14:12+00:00
maceulysse,13,2026-05-25T08:14:12+00:00
juniedotmp3,12,2026-05-25T08:14:12+00:00
nico77210,12,2026-05-25T08:14:12+00:00
nickydean901,12,2026-05-25T08:14:12+00:00
pedroviskonedge,11,2026-05-25T08:14:12+00:00
mehitsmichael,11,2026-05-25T08:14:12+00:00
totd,11,2026-05-25T08:14:12+00:00
alliex_x,11,2026-05-25T08:14:12+00:00
6sixeyes,10,2026-05-25T08:14:12+00:00
chan12345789,10,2026-05-25T08:14:12+00:00
meanaursaur,10,2026-05-25T08:14:12+00:00
lone_skum,10,2026-05-25T08:14:12+00:00
ilotta14,10,2026-05-25T08:14:12+00:00
oghb99,10,2026-05-25T08:14:12+00:00
yembee,10,2026-05-25T08:14:12+00:00
eddiemoreorless,10,2026-05-25T08:14:12+00:00
salomoniy,10,2026-05-25T08:14:12+00:00
mclovinbaba,10,2026-05-25T08:14:12+00:00
leo1370,10,2026-05-25T08:14:12+00:00
thspicemf1208,10,2026-05-25T08:14:12+00:00
medusi8,10,2026-05-25T08:14:12+00:00
bbeammest,9,2026-05-25T08:14:12+00:00
postcreditsvoid,9,2026-05-25T08:14:12+00:00
lisa_blanche12,9,2026-05-25T08:14:12+00:00
danye3ast,9,2026-05-25T08:14:12+00:00
turtlelyte,9,2026-05-25T08:14:12+00:00
gioannidis05,9,2026-05-25T08:14:12+00:00
bradfisher97,9,2026-05-25T08:14:12+00:00
mawais471,9,2026-05-25T08:14:12+00:00
sofasiento,8,2026-05-25T08:14:12+00:00
mmmmill,8,2026-05-25T08:14:12+00:00
yotango,8,2026-05-25T08:14:12+00:00
terkin54,8,2026-05-25T08:14:12+00:00
noemangin,8,2026-05-25T08:14:12+00:00
akaps9,8,2026-05-25T08:14:12+00:00
alecia0517,8,2026-05-25T08:14:12+00:00
giuliaaaar,8,2026-05-25T08:14:12+00:00
maverickmultani,8,2026-05-25T08:14:12+00:00
fuwalda03,8,2026-05-25T08:14:12+00:00
hannis_0206,7,2026-05-25T08:14:12+00:00
fineasth,7,2026-05-25T08:14:12+00:00
kuubraa,7,2026-05-25T08:14:12+00:00
laventiur,7,2026-05-25T08:14:12+00:00
bhavyajoshi,7,2026-05-25T08:14:12+00:00
e_mcm1,7,2026-05-25T08:14:12+00:00
nogoodsteve,7,2026-05-25T08:14:12+00:00
olbaws,7,2026-05-25T08:14:12+00:00
dimosfa,7,2026-05-25T08:14:12+00:00
tedkeyes,7,2026-05-25T08:14:12+00:00
_elevxinovax_,7,2026-05-25T08:14:12+00:00
csn_cerenimo,6,2026-05-25T08:14:12+00:00
igonn,6,2026-05-25T08:14:12+00:00
agsuts,6,2026-05-25T08:14:12+00:00
invinceible,6,2026-05-25T08:14:12+00:00
spaceflower2,6,2026-05-25T08:14:12+00:00
bigbosskilla,6,2026-05-25T08:14:12+00:00
gdol,6,2026-05-25T08:14:12+00:00
fatmaacikel,6,2026-05-25T08:14:12+00:00
nightingale_01,6,2026-05-25T08:14:12+00:00
theogrobler,6,2026-05-25T08:14:12+00:00
coscooo,6,2026-05-25T08:14:12+00:00
aetr04,6,2026-05-25T08:14:12+00:00
echio97,6,2026-05-25T08:14:12+00:00
nataliesparedes,6,2026-05-25T08:14:12+00:00
photowalavakeel,6,2026-05-25T08:14:12+00:00
ducklina,5,2026-05-25T08:14:12+00:00
eneeex,5,2026-05-25T08:14:12+00:00
internet_pr1nce,5,2026-05-25T08:14:12+00:00
selfdeprivation,5,2026-05-25T08:14:12+00:00
lynn12132,5,2026-05-25T08:14:12+00:00
delei_eternal,5,2026-05-25T08:14:12+00:00
muhammed7s,5,2026-05-25T08:14:12+00:00
adeliow,5,2026-05-25T08:14:12+00:00
livingdedgiirll,5,2026-05-25T08:14:12+00:00
dy97,5,2026-05-25T08:14:12+00:00
parmisbhf,5,2026-05-25T08:14:12+00:00
pitiath,5,2026-05-25T08:14:12+00:00
mati69420,5,2026-05-25T08:14:12+00:00
labat17,5,2026-05-25T08:14:12+00:00
sal_saperstein,5,2026-05-25T08:14:12+00:00
bugzz04,5,2026-05-25T08:14:12+00:00
scoobysnacky,5,2026-05-25T08:14:12+00:00
patrycjaantczak,5,2026-05-25T08:14:12+00:00
msdwain,5,2026-05-25T08:14:12+00:00
choochootram,5,2026-05-25T08:14:12+00:00
joaocancello1,5,2026-05-25T08:14:12+00:00
giulia_gwa,5,2026-05-25T08:14:12+00:00
sillygoose231,5,2026-05-25T08:14:12+00:00
mwcoast,5,2026-05-25T08:14:12+00:00
cinephilemurloc,5,2026-05-25T08:14:12+00:00
thadeu5,5,2026-05-25T08:14:12+00:00
arm_on,4,2026-05-25T08:14:12+00:00
amayacinemas,4,2026-05-25T08:14:12+00:00
note5,4,2026-05-25T08:14:12+00:00
jocoe,4,2026-05-25T08:14:12+00:00
andsevval,4,2026-05-25T08:14:12+00:00
joshuakeirstead,4,2026-05-25T08:14:12+00:00
anushhkkaaa,4,2026-05-25T08:14:12+00:00
my9ridesshotgun,4,2026-05-25T08:14:12+00:00
thunderlevin,4,2026-05-25T08:14:12+00:00
kimie312,4,2026-05-25T08:14:12+00:00
shumagora,4,2026-05-25T08:14:12+00:00
derentaylan,4,2026-05-25T08:14:12+00:00
fatoubah006,4,2026-05-25T08:14:12+00:00
figsryummy333,4,2026-05-25T08:14:12+00:00
vinci2255,4,2026-05-25T08:14:12+00:00
ikerrrr_,4,2026-05-25T08:14:12+00:00
ilovemp3,4,2026-05-25T08:14:12+00:00
crownfall,4,2026-05-25T08:14:12+00:00
andrepelle07,4,2026-05-25T08:14:12+00:00
priya_hrp,4,2026-05-25T08:14:12+00:00
aryapotdar,4,2026-05-25T08:14:12+00:00
luanalisboaa,4,2026-05-25T08:14:12+00:00
dylanhv03,4,2026-05-25T08:14:12+00:00
arthur_brown,4,2026-05-25T08:14:12+00:00
andik_,4,2026-05-25T08:14:12+00:00
jbert77,4,2026-05-25T08:14:12+00:00
mmdlfid,4,2026-05-25T08:14:12+00:00
k1kyy,4,2026-05-25T08:14:12+00:00
mikej06,4,2026-05-25T08:14:12+00:00
ratch07,4,2026-05-25T08:14:12+00:00
0_savy_0,4,2026-05-25T08:14:12+00:00
dursunovich,4,2026-05-25T08:14:12+00:00
kingdavid25,4,2026-05-25T08:14:12+00:00
luke_51,4,2026-05-25T08:14:12+00:00
thejihane,4,2026-05-25T08:14:12+00:00
spr1nkleglitter,4,2026-05-25T08:14:12+00:00
tsumour,4,2026-05-25T08:14:12+00:00
thekidvin,4,2026-05-25T08:14:12+00:00
crossfire007,4,2026-05-25T08:14:12+00:00
yboyles,4,2026-05-25T08:14:12+00:00
mrwcw,4,2026-05-25T08:14:12+00:00
bavila,4,2026-05-25T08:14:12+00:00
jamesgs05,4,2026-05-25T08:14:12+00:00
ysmanp,4,2026-05-25T08:14:12+00:00
zecalb00,4,2026-05-25T08:14:12+00:00
alishhh_watches,4,2026-05-25T08:14:12+00:00
brutalyouth,4,2026-05-25T08:14:12+00:00
binnch,3,2026-05-25T08:14:12+00:00
malatesta24,3,2026-05-25T08:14:12+00:00
yamfymar,3,2026-05-25T08:14:12+00:00
requicker,3,2026-05-25T08:14:12+00:00
itzmostafa_,3,2026-05-25T08:14:12+00:00
not_patrick,3,2026-05-25T08:14:12+00:00
lyn_mf,3,2026-05-25T08:14:12+00:00
magkatu,3,2026-05-25T08:14:12+00:00
zuzara,3,2026-05-25T08:14:12+00:00
aenanahh,3,2026-05-25T08:14:12+00:00
olidoan,3,2026-05-25T08:14:12+00:00
insideworld47,3,2026-05-25T08:14:12+00:00
zuzannk_4,3,2026-05-25T08:14:12+00:00
7j1kz,3,2026-05-25T08:14:12+00:00
kaayliciouus,3,2026-05-25T08:14:12+00:00
winn_nniw,3,2026-05-25T08:14:12+00:00
sehrajm,3,2026-05-25T08:14:12+00:00
chimkennns,3,2026-05-25T08:14:12+00:00
injao_,3,2026-05-25T08:14:12+00:00
ecritosalcarazz,3,2026-05-25T08:14:12+00:00
saaallaaar,3,2026-05-25T08:14:12+00:00
stephaniekush,3,2026-05-25T08:14:12+00:00
wkiirl,3,2026-05-25T08:14:12+00:00
cecerrs,3,2026-05-25T08:14:12+00:00
alice_v0909,3,2026-05-25T08:14:12+00:00
raymond21,3,2026-05-25T08:14:12+00:00
joshh__,3,2026-05-25T08:14:12+00:00
krshynoodles,3,2026-05-25T08:14:12+00:00
sammiihuang,3,2026-05-25T08:14:12+00:00
sharkiedude,3,2026-05-25T08:14:12+00:00
mikuuz,3,2026-05-25T08:14:12+00:00
blueberrychoc,3,2026-05-25T08:14:12+00:00
brazzyreece,3,2026-05-25T08:14:12+00:00
avabava55555,3,2026-05-25T08:14:12+00:00
cdiemer,3,2026-05-25T08:14:12+00:00
blackmist,3,2026-05-25T08:14:12+00:00
curiousclimber,3,2026-05-25T08:14:12+00:00
doog123,3,2026-05-25T08:14:12+00:00
xotwodvaleria,3,2026-05-25T08:14:12+00:00
flickfanatic1,3,2026-05-25T08:14:12+00:00
aslmd,3,2026-05-25T08:14:12+00:00
kahyene,3,2026-05-25T08:14:12+00:00
crispywang,3,2026-05-25T08:14:12+00:00
yasomeow,3,2026-05-25T08:14:12+00:00
gabiellap,3,2026-05-25T08:14:12+00:00
minalunafilms,3,2026-05-25T08:14:12+00:00
nenok,3,2026-05-25T08:14:12+00:00
zwattage,3,2026-05-25T08:14:12+00:00
whlk,3,2026-05-25T08:14:12+00:00
fangzs,3,2026-05-25T08:14:12+00:00
ducky4080,3,2026-05-25T08:14:12+00:00
_women,3,2026-05-25T08:14:12+00:00
estebanpllt,3,2026-05-25T08:14:12+00:00
gogodughetto,3,2026-05-25T08:14:12+00:00
uv3nus,3,2026-05-25T08:14:12+00:00
clawal,3,2026-05-25T08:14:12+00:00
leejaeyeon,3,2026-05-25T08:14:12+00:00
arek96,3,2026-05-25T08:14:12+00:00
biancazavoianu,3,2026-05-25T08:14:12+00:00
tanishadddelima,2,2026-05-25T08:14:12+00:00
hazelmazebabe,2,2026-05-25T08:14:12+00:00
mvteeeo10,2,2026-05-25T08:14:12+00:00
iitsluaa,2,2026-05-25T08:14:12+00:00
yousef__18,2,2026-05-25T08:14:12+00:00
broccolleyy,2,2026-05-25T08:14:12+00:00
cupiddeluxe_,2,2026-05-25T08:14:12+00:00
destroyyaa,2,2026-05-25T08:14:12+00:00
colinnguyen123,2,2026-05-25T08:14:12+00:00
wepaine41,2,2026-05-25T08:14:12+00:00
ctilli,2,2026-05-25T08:14:12+00:00
tsibar,2,2026-05-25T08:14:12+00:00
goatphia,2,2026-05-25T08:14:12+00:00
nagitopoop,2,2026-05-25T08:14:12+00:00
dietmiranda,2,2026-05-25T08:14:12+00:00
elizabethhilgen,2,2026-05-25T08:14:12+00:00
caitttt,2,2026-05-25T08:14:12+00:00
blackyboy,2,2026-05-25T08:14:12+00:00
ilovecaifan,2,2026-05-25T08:14:12+00:00
spidremna,2,2026-05-25T08:14:12+00:00
zy_0wb,2,2026-05-25T08:14:12+00:00
alonicaaaa,2,2026-05-25T08:14:12+00:00
byeworld_almost,2,2026-05-25T08:14:12+00:00
michiee,2,2026-05-25T08:14:12+00:00
hamadalshatti08,2,2026-05-25T08:14:12+00:00
irljustice,2,2026-05-25T08:14:12+00:00
impalafckin67,2,2026-05-25T08:14:12+00:00
olaussen08,2,2026-05-25T08:14:12+00:00
carlo_pelle,2,2026-05-25T08:14:12+00:00
eyirvn,2,2026-05-25T08:14:12+00:00
saaaaanvi,2,2026-05-25T08:14:12+00:00
4evrya,2,2026-05-25T08:14:12+00:00
bm106767,2,2026-05-25T08:14:12+00:00
fexpq,2,2026-05-25T08:14:12+00:00
nxcle,2,2026-05-25T08:14:12+00:00
oliviadewar,2,2026-05-25T08:14:12+00:00
toutau17,2,2026-05-25T08:14:12+00:00
notsoinnocent,2,2026-05-25T08:14:12+00:00
zaiidynm,2,2026-05-25T08:14:12+00:00
gb604,2,2026-05-25T08:14:12+00:00
claradeovo1,2,2026-05-25T08:14:12+00:00
__67q_,2,2026-05-25T08:14:12+00:00
bigpopcornguy,2,2026-05-25T08:14:12+00:00
gleemio,2,2026-05-25T08:14:12+00:00
danysanak,2,2026-05-25T08:14:12+00:00
skapowa,2,2026-05-25T08:14:12+00:00
70sdaydreams,2,2026-05-25T08:14:12+00:00
miehak,2,2026-05-25T08:14:12+00:00
seeergiodiiiaz,2,2026-05-25T08:14:12+00:00
claito,2,2026-05-25T08:14:12+00:00
pidjiji,2,2026-05-25T08:14:12+00:00
t_pa_bo,2,2026-05-25T08:14:12+00:00
teeshirtt,2,2026-05-25T08:14:12+00:00
chookeydee,2,2026-05-25T08:14:12+00:00
daydreamrd1,2,2026-05-25T08:14:12+00:00
alesandria,2,2026-05-25T08:14:12+00:00
arlensr,2,2026-05-25T08:14:12+00:00
faseeh_49,2,2026-05-25T08:14:12+00:00
lesion03,2,2026-05-25T08:14:12+00:00
marcellamassa,2,2026-05-25T08:14:12+00:00
farleezy,2,2026-05-25T08:14:12+00:00
allen81,2,2026-05-25T08:14:12+00:00
keeko23,2,2026-05-25T08:14:12+00:00
akalanadelrey9k,2,2026-05-25T08:14:12+00:00
lsamut,2,2026-05-25T08:14:12+00:00
itstanja22,2,2026-05-25T08:14:12+00:00
lucas450,2,2026-05-25T08:14:12+00:00
xxxsokucuxxx,2,2026-05-25T08:14:12+00:00
shrey2,2,2026-05-25T08:14:12+00:00
riksflix,2,2026-05-25T08:14:12+00:00
ellabellaaa123,2,2026-05-25T08:14:12+00:00
zaki_404,2,2026-05-25T08:14:12+00:00
asherrmustdie,2,2026-05-25T08:14:12+00:00
mellynnv,2,2026-05-25T08:14:12+00:00
ramrarar,2,2026-05-25T08:14:12+00:00
bel_chen,2,2026-05-25T08:14:12+00:00
emae42,2,2026-05-25T08:14:12+00:00
kaytej27,2,2026-05-25T08:14:12+00:00
kaaydeeen,2,2026-05-25T08:14:12+00:00
lillixoo,2,2026-05-25T08:14:12+00:00
nomoreworkhere,2,2026-05-25T08:14:12+00:00
zoedewarren,2,2026-05-25T08:14:12+00:00
brynnarb,2,2026-05-25T08:14:12+00:00
ambe_thompson,2,2026-05-25T08:14:12+00:00
alix_12,2,2026-05-25T08:14:12+00:00
suedak,2,2026-05-25T08:14:12+00:00
laakeeyyy,2,2026-05-25T08:14:12+00:00
islamckay123,2,2026-05-25T08:14:12+00:00
gwenn7,2,2026-05-25T08:14:12+00:00
whumble,2,2026-05-25T08:14:12+00:00
pstakelon,2,2026-05-25T08:14:12+00:00
deadstar423,2,2026-05-25T08:14:12+00:00
josiejpg,2,2026-05-25T08:14:12+00:00
pavle_vel,2,2026-05-25T08:14:12+00:00
alyahaa,2,2026-05-25T08:14:12+00:00
olivia_tru,2,2026-05-25T08:14:12+00:00
abhishekpaul22,2,2026-05-25T08:14:12+00:00
e_miyahara,2,2026-05-25T08:14:12+00:00
onofrr,2,2026-05-25T08:14:12+00:00
lilhigh,2,2026-05-25T08:14:12+00:00
kirasxcx,2,2026-05-25T08:14:12+00:00
idania12367,2,2026-05-25T08:14:12+00:00
charlovesu,2,2026-05-25T08:14:12+00:00
kalliell,2,2026-05-25T08:14:12+00:00
einewienina,2,2026-05-25T08:14:12+00:00
harharyhar,2,2026-05-25T08:14:12+00:00
bnp4000,2,2026-05-25T08:14:12+00:00
felixquiter,2,2026-05-25T08:14:12+00:00
poussieres,2,2026-05-25T08:14:12+00:00
rrvdk,2,2026-05-25T08:14:12+00:00
ariana_mstrg,2,2026-05-25T08:14:12+00:00
nickelp98,2,2026-05-25T08:14:12+00:00
jhonnyehrlich,2,2026-05-25T08:14:12+00:00
kaan123456,2,2026-05-25T08:14:12+00:00
dani_ituarte,2,2026-05-25T08:14:12+00:00
angelicacapipi,2,2026-05-25T08:14:12+00:00
soyglou,2,2026-05-25T08:14:12+00:00
manoellacomo,2,2026-05-25T08:14:12+00:00
ezxangel,2,2026-05-25T08:14:12+00:00
clwqstf0,2,2026-05-25T08:14:12+00:00
tatumbottle,2,2026-05-25T08:14:12+00:00
dconx,2,2026-05-25T08:14:12+00:00
glvthadhd,2,2026-05-25T08:14:12+00:00
fleuriechen,2,2026-05-25T08:14:12+00:00
diegosqueff,2,2026-05-25T08:14:12+00:00
67moviemangoel,2,2026-05-25T08:14:12+00:00
dmcd21,2,2026-05-25T08:14:12+00:00
o9rie,2,2026-05-25T08:14:12+00:00
ameliamarc,2,2026-05-25T08:14:12+00:00
tyzavien,2,2026-05-25T08:14:12+00:00
starlord10,2,2026-05-25T08:14:12+00:00
malekqua7,2,2026-05-25T08:14:12+00:00
cofi09_,2,2026-05-25T08:14:12+00:00
aquarius_music,2,2026-05-25T08:14:12+00:00
athenaid,2,2026-05-25T08:14:12+00:00
torlav,2,2026-05-25T08:14:12+00:00
christian_g8,2,2026-05-25T08:14:12+00:00
cecilial8r,2,2026-05-25T08:14:12+00:00
revvyway,2,2026-05-25T08:14:12+00:00
zaihb,2,2026-05-25T08:14:12+00:00
shiniesyn,2,2026-05-25T08:14:12+00:00
anandumadhu_,2,2026-05-25T08:14:12+00:00
nailus_pitailus,2,2026-05-25T08:14:12+00:00
sarraaaqqg,2,2026-05-25T08:14:12+00:00
roshainfdo,2,2026-05-25T08:14:12+00:00
nyawnyaw_vie,2,2026-05-25T08:14:12+00:00
jackisgood,2,2026-05-25T08:14:12+00:00
murasione,1,2026-05-25T08:14:12+00:00
johandeeanna,1,2026-05-25T08:14:12+00:00
xtragicianxxx,1,2026-05-25T08:14:12+00:00
alexandria24,1,2026-05-25T08:14:12+00:00
moninserra,1,2026-05-25T08:14:12+00:00
ridoavdal,1,2026-05-25T08:14:12+00:00
nzzh,1,2026-05-25T08:14:12+00:00
maggotsparty,1,2026-05-25T08:14:12+00:00
aminqureshi9000,1,2026-05-25T08:14:12+00:00
sclark111,1,2026-05-25T08:14:12+00:00
gayane_ayvazyan,1,2026-05-25T08:14:12+00:00
aubingo,1,2026-05-25T08:14:12+00:00
itssoabicidi,1,2026-05-25T08:14:12+00:00
saicharan2505,1,2026-05-25T08:14:12+00:00
joewohoo,1,2026-05-25T08:14:12+00:00
elinesmidt,1,2026-05-25T08:14:12+00:00
kottonova_31,1,2026-05-25T08:14:12+00:00
meutyaflicks,1,2026-05-25T08:14:12+00:00
jblmiklos,1,2026-05-25T08:14:12+00:00
jelzyyy_,1,2026-05-25T08:14:12+00:00
jadeakagi,1,2026-05-25T08:14:12+00:00
filmbreather007,1,2026-05-25T08:14:12+00:00
kadenjeib,1,2026-05-25T08:14:12+00:00
tiqahh_12,1,2026-05-25T08:14:12+00:00
auvvnie,1,2026-05-25T08:14:12+00:00
maryrose2006,1,2026-05-25T08:14:12+00:00
chonsters,1,2026-05-25T08:14:12+00:00
movieofabasterd,1,2026-05-25T08:14:12+00:00
palmer070704,1,2026-05-25T08:14:12+00:00
celestedowling,1,2026-05-25T08:14:12+00:00
mmiyaka,1,2026-05-25T08:14:12+00:00
yzabellisima,1,2026-05-25T08:14:12+00:00
arthfaels,1,2026-05-25T08:14:12+00:00
juneeeeerrrrr,1,2026-05-25T08:14:12+00:00
mkj613,1,2026-05-25T08:14:12+00:00
smiskiluv,1,2026-05-25T08:14:12+00:00
kaylarhea_230,1,2026-05-25T08:14:12+00:00
jacccczzzz,1,2026-05-25T08:14:12+00:00
adambb1,1,2026-05-25T08:14:12+00:00
leon1234567890,1,2026-05-25T08:14:12+00:00
maswizler,1,2026-05-25T08:14:12+00:00
aero16141,1,2026-05-25T08:14:12+00:00
_shbatski,1,2026-05-25T08:14:12+00:00
voiceoffcamera,1,2026-05-25T08:14:12+00:00
101epic,1,2026-05-25T08:14:12+00:00
savemeluna,1,2026-05-25T08:14:12+00:00
yuhay,1,2026-05-25T08:14:12+00:00
hayhay004,1,2026-05-25T08:14:12+00:00
withesiuol,1,2026-05-25T08:14:12+00:00
mtxlva,1,2026-05-25T08:14:12+00:00
jakeyoumans15,1,2026-05-25T08:14:12+00:00
lynnann06,1,2026-05-25T08:14:12+00:00
neszaa,1,2026-05-25T08:14:12+00:00
strawberrygirl2,1,2026-05-25T08:14:12+00:00
mateegonzaa,1,2026-05-25T08:14:12+00:00
keimkei_t29,1,2026-05-25T08:14:12+00:00
globe32,1,2026-05-25T08:14:12+00:00
karim23,1,2026-05-25T08:14:12+00:00
koroflip,1,2026-05-25T08:14:12+00:00
dumbledik,1,2026-05-25T08:14:12+00:00
liselottecalcei,1,2026-05-25T08:14:12+00:00
ncincotti,1,2026-05-25T08:14:12+00:00
msharill,1,2026-05-25T08:14:12+00:00
sydneypoole,1,2026-05-25T08:14:12+00:00
yordanos06,1,2026-05-25T08:14:12+00:00
orangutanman,1,2026-05-25T08:14:12+00:00
monn3,1,2026-05-25T08:14:12+00:00
papi_chulo0,1,2026-05-25T08:14:12+00:00
yakitsu,1,2026-05-25T08:14:12+00:00
hendellopez,1,2026-05-25T08:14:12+00:00
ahobeans,1,2026-05-25T08:14:12+00:00
sareb0kyeartik,1,2026-05-25T08:14:12+00:00
doubleoks,1,2026-05-25T08:14:12+00:00
caylily,1,2026-05-25T08:14:12+00:00
deborhviii,1,2026-05-25T08:14:12+00:00
zaishahamid,1,2026-05-25T08:14:12+00:00
valbebt,1,2026-05-25T08:14:12+00:00
jackfrankel,1,2026-05-25T08:14:12+00:00
noammar,1,2026-05-25T08:14:12+00:00
jakehadley,1,2026-05-25T08:14:12+00:00
crokimus,1,2026-05-25T08:14:12+00:00
mm_dipshana,1,2026-05-25T08:14:12+00:00
naiara224,1,2026-05-25T08:14:12+00:00
eveliaarnau,1,2026-05-25T08:14:12+00:00
gucaue,1,2026-05-25T08:14:12+00:00
clauchard,1,2026-05-25T08:14:12+00:00
fons1930,1,2026-05-25T08:14:12+00:00
zgjalien12,1,2026-05-25T08:14:12+00:00
ariaajade,1,2026-05-25T08:14:12+00:00
orii1fr,1,2026-05-25T08:14:12+00:00
kakabaka537,1,2026-05-25T08:14:12+00:00
ggbriel,1,2026-05-25T08:14:12+00:00
aidansuddeth5,1,2026-05-25T08:14:12+00:00
seelyunii,1,2026-05-25T08:14:12+00:00
giresunspor,1,2026-05-25T08:14:12+00:00
annakatariinas,1,2026-05-25T08:14:12+00:00
rebecca_mrt,1,2026-05-25T08:14:12+00:00
hannesau,1,2026-05-25T08:14:12+00:00
lexhtoon,1,2026-05-25T08:14:12+00:00
gumussalvatore,1,2026-05-25T08:14:12+00:00
habjikocak,1,2026-05-25T08:14:12+00:00
marman_24,1,2026-05-25T08:14:12+00:00
yousefito,1,2026-05-25T08:14:12+00:00
thatwhite,1,2026-05-25T08:14:12+00:00
kitwotime,1,2026-05-25T08:14:12+00:00
mrmossel,1,2026-05-25T08:14:12+00:00
whyuareii,1,2026-05-25T08:14:12+00:00
cicobuffs,1,2026-05-25T08:14:12+00:00
cpt_price,1,2026-05-25T08:14:12+00:00
titidu67,1,2026-05-25T08:14:12+00:00
batuzg,1,2026-05-25T08:14:12+00:00
villixl,1,2026-05-25T08:14:12+00:00
davidlubo,1,2026-05-25T08:14:12+00:00
aceeeeey_29,1,2026-05-25T08:14:12+00:00
xellosss,1,2026-05-25T08:14:12+00:00
smasherl,1,2026-05-25T08:14:12+00:00
spidey_44,1,2026-05-25T08:14:12+00:00
ebjax,1,2026-05-25T08:14:12+00:00
serafimye,1,2026-05-25T08:14:12+00:00
yuyumovies,1,2026-05-25T08:14:12+00:00
siennaxw,1,2026-05-25T08:14:12+00:00
mri_xox,1,2026-05-25T08:14:12+00:00
pastanoodler,1,2026-05-25T08:14:12+00:00
singhnavya,1,2026-05-25T08:14:12+00:00
deempeacea,1,2026-05-25T08:14:12+00:00
wrdhna,1,2026-05-25T08:14:12+00:00
enjiro,1,2026-05-25T08:14:12+00:00
brelex,1,2026-05-25T08:14:12+00:00
charismamaster,1,2026-05-25T08:14:12+00:00
alsalat,1,2026-05-25T08:14:12+00:00
bananyaa,1,2026-05-25T08:14:12+00:00
skyec4m,1,2026-05-25T08:14:12+00:00
asprokii,1,2026-05-25T08:14:12+00:00
jakeburrage,1,2026-05-25T08:14:12+00:00
ascendingsoup,1,2026-05-25T08:14:12+00:00
shinysh,1,2026-05-25T08:14:12+00:00
trevorgranfors,1,2026-05-25T08:14:12+00:00
kaashvisharma,1,2026-05-25T08:14:12+00:00
joeykula,1,2026-05-25T08:14:12+00:00
awino,1,2026-05-25T08:14:12+00:00
jamesl11,1,2026-05-25T08:14:12+00:00
cesarisaaccc,1,2026-05-25T08:14:12+00:00
scottstraka,1,2026-05-25T08:14:12+00:00
chakornwoo,1,2026-05-25T08:14:12+00:00
lizzi3letterb,1,2026-05-25T08:14:12+00:00
llimonet,1,2026-05-25T08:14:12+00:00
grace_7773,1,2026-05-25T08:14:12+00:00
movieexpertobvi,1,2026-05-25T08:14:12+00:00
edenw77,1,2026-05-25T08:14:12+00:00
grottykid,1,2026-05-25T08:14:12+00:00
jilhem,1,2026-05-25T08:14:12+00:00
refelmilck,1,2026-05-25T08:14:12+00:00
wetbeanburrito,1,2026-05-25T08:14:12+00:00
gedoya,1,2026-05-25T08:14:12+00:00
jsintora,1,2026-05-25T08:14:12+00:00
lilly_movies1,1,2026-05-25T08:14:12+00:00
mohamedelsalhy,1,2026-05-25T08:14:12+00:00
jakecre8s,1,2026-05-25T08:14:12+00:00
hardmanstudios,1,2026-05-25T08:14:12+00:00
ptcruiser37,1,2026-05-25T08:14:12+00:00
sergiobeeating,1,2026-05-25T08:14:12+00:00
retg,1,2026-05-25T08:14:12+00:00
reemo_x,1,2026-05-25T08:14:12+00:00
aleksandra_film,1,2026-05-25T08:14:12+00:00
alazsolm,1,2026-05-25T08:14:12+00:00
lymoonie_,1,2026-05-25T08:14:12+00:00
r4mielalei,1,2026-05-25T08:14:12+00:00
rou_moon,1,2026-05-25T08:14:12+00:00
rikkiky,1,2026-05-25T08:14:12+00:00
joshawos,1,2026-05-25T08:14:12+00:00
jackonano,1,2026-05-25T08:14:12+00:00
pesetaz19,1,2026-05-25T08:14:12+00:00
sabatke,1,2026-05-25T08:14:12+00:00
wildbreakfilm,1,2026-05-25T08:14:12+00:00
bakugo_06,1,2026-05-25T08:14:12+00:00
cornmy912,1,2026-05-25T08:14:12+00:00
simranjitsingh8,1,2026-05-25T08:14:12+00:00
avahsohi,1,2026-05-25T08:14:12+00:00
thegreekleader,1,2026-05-25T08:14:12+00:00
marshynekko,1,2026-05-25T08:14:12+00:00
berke_akbulut,1,2026-05-25T08:14:12+00:00
sadieam,1,2026-05-25T08:14:12+00:00
1nsss,1,2026-05-25T08:14:12+00:00
nitin_28,1,2026-05-25T08:14:12+00:00
whyisshewatchin,1,2026-05-25T08:14:12+00:00
frooshaas,1,2026-05-25T08:14:12+00:00
ziamlarry,1,2026-05-25T08:14:12+00:00
despairnagony,1,2026-05-25T08:14:12+00:00
sony22,1,2026-05-25T08:14:12+00:00
irenee_21,1,2026-05-25T08:14:12+00:00
exilez,1,2026-05-25T08:14:12+00:00
isayp123,1,2026-05-25T08:14:12+00:00
hipervisor,1,2026-05-25T08:14:12+00:00
mtrazzi,1,2026-05-25T08:14:12+00:00
orcager,1,2026-05-25T08:14:12+00:00
manucms15,1,2026-05-25T08:14:12+00:00
jahell,1,2026-05-25T08:14:12+00:00
herlicopter310,1,2026-05-25T08:14:12+00:00
guimas1,1,2026-05-25T08:14:12+00:00
mohamed3121,1,2026-05-25T08:14:12+00:00
hagzkhaldd,1,2026-05-25T08:14:12+00:00
tonyavila,1,2026-05-25T08:14:12+00:00
the_burnt_vape,1,2026-05-25T08:14:12+00:00
mariedomingo,1,2026-05-25T08:14:12+00:00
tylerbrooks1404,1,2026-05-25T08:14:12+00:00
nisiffantastic,1,2026-05-25T08:14:12+00:00
sapphiccineaste,1,2026-05-25T08:14:12+00:00
stetayjo,1,2026-05-25T08:14:12+00:00
cuhunit,1,2026-05-25T08:14:12+00:00
viv1an,1,2026-05-25T08:14:12+00:00
jmdav,1,2026-05-25T08:14:12+00:00
chocobrownie717,1,2026-05-25T08:14:12+00:00
claver22,1,2026-05-25T08:14:12+00:00
sash_a,1,2026-05-25T08:14:12+00:00
t_x_pher,1,2026-05-25T08:14:12+00:00
s4yil,1,2026-05-25T08:14:12+00:00
fsrfsr,1,2026-05-25T08:14:12+00:00
bigbobert,1,2026-05-25T08:14:12+00:00
hannahgzq,1,2026-05-25T08:14:12+00:00
dadamt,1,2026-05-25T08:14:12+00:00
lptalks,1,2026-05-25T08:14:12+00:00
gabriel_pap,1,2026-05-25T08:14:12+00:00
eslav0,1,2026-05-25T08:14:12+00:00
cadamsbeyea,1,2026-05-25T08:14:12+00:00
fscull,1,2026-05-25T08:14:12+00:00
loving_machine,1,2026-05-25T08:14:12+00:00
legos09,1,2026-05-25T08:14:12+00:00
clementinesieck,1,2026-05-25T08:14:12+00:00
bloodybodyiiy,1,2026-05-25T08:14:12+00:00
sdfilmreviews,1,2026-05-25T08:14:12+00:00
ahmaddy_a,1,2026-05-25T08:14:12+00:00
soficloudz,1,2026-05-25T08:14:12+00:00
cicadasailor,1,2026-05-25T08:14:12+00:00
cipacipups,1,2026-05-25T08:14:12+00:00
vash_exe,1,2026-05-25T08:14:12+00:00
cecilfish,1,2026-05-25T08:14:12+00:00
simonii,1,2026-05-25T08:14:12+00:00
fahiyoou,1,2026-05-25T08:14:12+00:00
a24cut,1,2026-05-25T08:14:12+00:00
sleutel,1,2026-05-25T08:14:12+00:00
nelamura,1,2026-05-25T08:14:12+00:00
lagavi0ta,1,2026-05-25T08:14:12+00:00
drixhhtii,1,2026-05-25T08:14:12+00:00
itsdelphdelph,1,2026-05-25T08:14:12+00:00
dukedennisballs,1,2026-05-25T08:14:12+00:00
hadrienseamus,1,2026-05-25T08:14:12+00:00
sulfate,1,2026-05-25T08:14:12+00:00
jujufish2003,1,2026-05-25T08:14:12+00:00
bomboniiitoni,1,2026-05-25T08:14:12+00:00
catsc1ty,1,2026-05-25T08:14:12+00:00
n4than1,1,2026-05-25T08:14:12+00:00
abstractrhythm,1,2026-05-25T08:14:12+00:00
tenzie1000,1,2026-05-25T08:14:12+00:00
chloehung_1203,1,2026-05-25T08:14:12+00:00
aw1008,1,2026-05-25T08:14:12+00:00
finney_boi_100,1,2026-05-25T08:14:12+00:00
imnotacrepe,1,2026-05-25T08:14:12+00:00
lamarta33,1,2026-05-25T08:14:12+00:00
shireboy,1,2026-05-25T08:14:12+00:00
martitav,1,2026-05-25T08:14:12+00:00
lowillowa,1,2026-05-25T08:14:12+00:00
rodc04,1,2026-05-25T08:14:12+00:00
mclovin198,1,2026-05-25T08:14:12+00:00
banana_ben007,1,2026-05-25T08:14:12+00:00
lil_atm,1,2026-05-25T08:14:12+00:00
shruutea,1,2026-05-25T08:14:12+00:00
joshiiluvsryan,1,2026-05-25T08:14:12+00:00
mayed_67,1,2026-05-25T08:14:12+00:00
heartdox,1,2026-05-25T08:14:12+00:00
jun0_101,1,2026-05-25T08:14:12+00:00
3lsc1,1,2026-05-25T08:14:12+00:00
emiliadsc,1,2026-05-25T08:14:12+00:00
apoooloonia,1,2026-05-25T08:14:12+00:00
papullaa,1,2026-05-25T08:14:12+00:00
orangemouse3,1,2026-05-25T08:14:12+00:00
antitoool,1,2026-05-25T08:14:12+00:00
hunabkub,1,2026-05-25T08:14:12+00:00
thenorth18,1,2026-05-25T08:14:12+00:00
lokiii__,1,2026-05-25T08:14:12+00:00
redder_planet,1,2026-05-25T08:14:12+00:00
helendeklein,1,2026-05-25T08:14:12+00:00
giuliangrexx,1,2026-05-25T08:14:12+00:00
mels_geekin,1,2026-05-25T08:14:12+00:00
nmeade23,1,2026-05-25T08:14:12+00:00
timtamtt,1,2026-05-25T08:14:12+00:00
ashtondevan,1,2026-05-25T08:14:12+00:00
elie_carrier,1,2026-05-25T08:14:12+00:00
chachithebeast,1,2026-05-25T08:14:12+00:00
yvonne_gold,1,2026-05-25T08:14:12+00:00
anthony_mejia,1,2026-05-25T08:14:12+00:00
kreative_kailee,1,2026-05-25T08:14:12+00:00
jerenennen,1,2026-05-25T08:14:12+00:00
marineany,1,2026-05-25T08:14:12+00:00
josharizmendi,1,2026-05-25T08:14:12+00:00
vanilleboulet,1,2026-05-25T08:14:12+00:00
samarthy20,1,2026-05-25T08:14:12+00:00
tintoerprofeta,1,2026-05-25T08:14:12+00:00
meritgula,1,2026-05-25T08:14:12+00:00
swaging,1,2026-05-25T08:14:12+00:00
elicastro,1,2026-05-25T08:14:12+00:00
ashh666,1,2026-05-25T08:14:12+00:00
pumpingpulp,1,2026-05-25T08:14:12+00:00
kathlaura,1,2026-05-25T08:14:12+00:00
ivyincrisis,1,2026-05-25T08:14:12+00:00
robby56,1,2026-05-25T08:14:12+00:00
passionvolt,1,2026-05-25T08:14:12+00:00
semipin,1,2026-05-25T08:14:12+00:00
michiyymochi,1,2026-05-25T08:14:12+00:00
hardlearnsmovie,1,2026-05-25T08:14:12+00:00
alirosea,1,2026-05-25T08:14:12+00:00
rithysak,1,2026-05-25T08:14:12+00:00
ritotka,1,2026-05-25T08:14:12+00:00
aliceholme,1,2026-05-25T08:14:12+00:00
kostimpczz,1,2026-05-25T08:14:12+00:00
azraa99,1,2026-05-25T08:14:12+00:00
hanifhukama,1,2026-05-25T08:14:12+00:00
eiresita,1,2026-05-25T08:14:12+00:00
amaryscas,1,2026-05-25T08:14:12+00:00
chloe_piquemal,1,2026-05-25T08:14:12+00:00
isabel_166,1,2026-05-25T08:14:12+00:00
leo1242,1,2026-05-25T08:14:12+00:00
zelfilms,1,2026-05-25T08:14:12+00:00
tortade_jamon,1,2026-05-25T08:14:12+00:00
zannires,1,2026-05-25T08:14:12+00:00
jiyuniyoon_,1,2026-05-25T08:14:12+00:00
keeya707,1,2026-05-25T08:14:12+00:00
cardeesha,1,2026-05-25T08:14:12+00:00
kyleneghborkid,1,2026-05-25T08:14:12+00:00
armeniaa10,1,2026-05-25T08:14:12+00:00
h1strey,1,2026-05-25T08:14:12+00:00
miciela,1,2026-05-25T08:14:12+00:00
nomesthegnome,1,2026-05-25T08:14:12+00:00
quadcore,1,2026-05-25T08:14:12+00:00
udayan_rai,1,2026-05-25T08:14:12+00:00
syawallz,1,2026-05-25T08:14:12+00:00
noobcam,1,2026-05-25T08:14:12+00:00
colleeniwashere,1,2026-05-25T08:14:12+00:00
chiran12345,1,2026-05-25T08:14:12+00:00
rima_brzk,1,2026-05-25T08:14:12+00:00
fatosterim16,1,2026-05-25T08:14:12+00:00
coltfyffe,1,2026-05-25T08:14:12+00:00
pan_dywan,1,2026-05-25T08:14:12+00:00
divljivepar,1,2026-05-25T08:14:12+00:00
me95,1,2026-05-25T08:14:12+00:00
gerardo457,1,2026-05-25T08:14:12+00:00
dollface3000,1,2026-05-25T08:14:12+00:00
izdawiz,1,2026-05-25T08:14:12+00:00
ashleyoku,1,2026-05-25T08:14:12+00:00
iusamaqazi,1,2026-05-25T08:14:12+00:00
khayax,1,2026-05-25T08:14:12+00:00
harryycs,1,2026-05-25T08:14:12+00:00
cadet_roger,1,2026-05-25T08:14:12+00:00
laurendemp,1,2026-05-25T08:14:12+00:00
gracesfaces,1,2026-05-25T08:14:12+00:00
astron6hardfan,1,2026-05-25T08:14:12+00:00
sarasplaza,1,2026-05-25T08:14:12+00:00
eriko26,1,2026-05-25T08:14:12+00:00
mattmcgoo,1,2026-05-25T08:14:12+00:00
demihego,1,2026-05-25T08:14:12+00:00
snowyniamh,1,2026-05-25T08:14:12+00:00
israeljr28,1,2026-05-25T08:14:12+00:00
aidanbuyak,1,2026-05-25T08:14:12+00:00
xylll,1,2026-05-25T08:14:12+00:00
anokh_,1,2026-05-25T08:14:12+00:00
britsorange,1,2026-05-25T08:14:12+00:00
villa7l,1,2026-05-25T08:14:12+00:00
bwahboom,1,2026-05-25T08:14:12+00:00
civviic,1,2026-05-25T08:14:12+00:00
kzvonarek,1,2026-05-25T08:14:12+00:00
delaneylovesit,1,2026-05-25T08:14:12+00:00
lio_joyboy,1,2026-05-25T08:14:12+00:00
realtemi,1,2026-05-25T08:14:12+00:00
elenaaaaabb,1,2026-05-25T08:14:12+00:00
vsambrano,1,2026-05-25T08:14:12+00:00
ateenagerinlove,1,2026-05-25T08:14:12+00:00
varnachandar,1,2026-05-25T08:14:12+00:00
ambredt,1,2026-05-25T08:14:12+00:00
the0mcd,1,2026-05-25T08:14:12+00:00
happyyears,1,2026-05-25T08:14:12+00:00
spidernello,1,2026-05-25T08:14:12+00:00
zayntr,1,2026-05-25T08:14:12+00:00
theorangeomar,1,2026-05-25T08:14:12+00:00
angelpuncher,1,2026-05-25T08:14:12+00:00
conradddd,1,2026-05-25T08:14:12+00:00
mrrunyon,1,2026-05-25T08:14:12+00:00
cidden,1,2026-05-25T08:14:12+00:00
fortunatecalf,1,2026-05-25T08:14:12+00:00
franglezx,1,2026-05-25T08:14:12+00:00
tnrcorp,1,2026-05-25T08:14:12+00:00
dizdarevic_,1,2026-05-25T08:14:12+00:00
natethegreat000,1,2026-05-25T08:14:12+00:00
anneyurei,1,2026-05-25T08:14:12+00:00
vierosemtz5,1,2026-05-25T08:14:12+00:00
annisadr1,1,2026-05-25T08:14:12+00:00
tamamaamamam,1,2026-05-25T08:14:12+00:00
simso,1,2026-05-25T08:14:12+00:00
marchmeloo,1,2026-05-25T08:14:12+00:00
_liott,1,2026-05-25T08:14:12+00:00
spencerkephart,1,2026-05-25T08:14:12+00:00
lio_11,1,2026-05-25T08:14:12+00:00
jsjsea,1,2026-05-25T08:14:12+00:00
faqndito,1,2026-05-25T08:14:12+00:00
mirandela14,1,2026-05-25T08:14:12+00:00
noahbo33,1,2026-05-25T08:14:12+00:00
norvyy,1,2026-05-25T08:14:12+00:00
jacamaca,1,2026-05-25T08:14:12+00:00
greenstarnm,1,2026-05-25T08:14:12+00:00
despairesque,1,2026-05-25T08:14:12+00:00
sweetgrapesxoxo,1,2026-05-25T08:14:12+00:00
feat_dein,1,2026-05-25T08:14:12+00:00
oheyoum,1,2026-05-25T08:14:12+00:00
oriayo,1,2026-05-25T08:14:12+00:00
jay_grooms17,1,2026-05-25T08:14:12+00:00
rysnh,1,2026-05-25T08:14:12+00:00
najwaaerfn,1,2026-05-25T08:14:12+00:00
whatfox,1,2026-05-25T08:14:12+00:00
dustinrigby,1,2026-05-25T08:14:12+00:00
condog13,1,2026-05-25T08:14:12+00:00
hellopeony,1,2026-05-25T08:14:12+00:00
tassoso,1,2026-05-25T08:14:12+00:00
joacomafud,1,2026-05-25T08:14:12+00:00
neyhhal,1,2026-05-25T08:14:12+00:00
fluffy_unic0rn7,1,2026-05-25T08:14:12+00:00
sasouk,1,2026-05-25T08:14:12+00:00
crykobe,1,2026-05-25T08:14:12+00:00
tamiarenae,1,2026-05-25T08:14:12+00:00
kodyjones,1,2026-05-25T08:14:12+00:00
emilyantunovich,1,2026-05-25T08:14:12+00:00
loki3pl,1,2026-05-25T08:14:12+00:00
cheirish,1,2026-05-25T08:14:12+00:00
audreyyy02,1,2026-05-25T08:14:12+00:00
bellankovic,1,2026-05-25T08:14:12+00:00
uyeohp,1,2026-05-25T08:14:12+00:00
denizkoo60,1,2026-05-25T08:14:12+00:00
charliekirk11,1,2026-05-25T08:14:12+00:00
teoomo,1,2026-05-25T08:14:12+00:00
turtoggle,1,2026-05-25T08:14:12+00:00
rodeorodent,1,2026-05-25T08:14:12+00:00
alessandro0404,1,2026-05-25T08:14:12+00:00
thiyab,1,2026-05-25T08:14:12+00:00
criticalscope,1,2026-05-25T08:14:12+00:00
maubi8,1,2026-05-25T08:14:12+00:00
binouzier,1,2026-05-25T08:14:12+00:00
christiansdiary,1,2026-05-25T08:14:12+00:00
kratos08,1,2026-05-25T08:14:12+00:00
mrbej,1,2026-05-25T08:14:12+00:00
heavenward13,1,2026-05-25T08:14:12+00:00
stoleurluvxx,1,2026-05-25T08:14:12+00:00
sonia009,1,2026-05-25T08:14:12+00:00
livingonstars,1,2026-05-25T08:14:12+00:00
happyhouratdq,1,2026-05-25T08:14:12+00:00
ediems,1,2026-05-25T08:14:12+00:00
guillermainas,1,2026-05-25T08:14:12+00:00
makxbsjjx,1,2026-05-25T08:14:12+00:00
ns428,1,2026-05-25T08:14:12+00:00
aspiringhoodrat,1,2026-05-25T08:14:12+00:00
doy09,1,2026-05-25T08:14:12+00:00
panconquesoouo,1,2026-05-25T08:14:12+00:00
featkvie,1,2026-05-25T08:14:12+00:00
imso_sohee,1,2026-05-25T08:14:12+00:00
evaasa,1,2026-05-25T08:14:12+00:00
xinn,1,2026-05-25T08:14:12+00:00
sofiath31,1,2026-05-25T08:14:12+00:00
opanderson,1,2026-05-25T08:14:12+00:00
daniel_lily,1,2026-05-25T08:14:12+00:00
orfeasy,1,2026-05-25T08:14:12+00:00
qxiaw,1,2026-05-25T08:14:12+00:00
andreallvs,1,2026-05-25T08:14:12+00:00
gallaview,1,2026-05-25T08:14:12+00:00
llovemjodi,1,2026-05-25T08:14:12+00:00
gracieshea1998,1,2026-05-25T08:14:12+00:00
jexxy,1,2026-05-25T08:14:12+00:00
lostfought,1,2026-05-25T08:14:12+00:00
allie_nn,1,2026-05-25T08:14:12+00:00
cortiscoer,1,2026-05-25T08:14:12+00:00
srinidhi31,1,2026-05-25T08:14:12+00:00
moonkeyky,1,2026-05-25T08:14:12+00:00
carr0tt,1,2026-05-25T08:14:12+00:00
ialunar,1,2026-05-25T08:14:12+00:00
leah_millzy,1,2026-05-25T08:14:12+00:00
polsnt,1,2026-05-25T08:14:12+00:00
boldheart,1,2026-05-25T08:14:12+00:00
lika_lag,1,2026-05-25T08:14:12+00:00
rahaf11_11,1,2026-05-25T08:14:12+00:00
marteenaakam,1,2026-05-25T08:14:12+00:00
pellecce,1,2026-05-25T08:14:12+00:00
mohimahh,1,2026-05-25T08:14:12+00:00
naosim0,1,2026-05-25T08:14:12+00:00
hzieyappeiyy,1,2026-05-25T08:14:12+00:00
m0rute,1,2026-05-25T08:14:12+00:00
tricycloplot,1,2026-05-25T08:14:12+00:00
bettyblo,1,2026-05-25T08:14:12+00:00
deboranorgy,1,2026-05-25T08:14:12+00:00
ross2222,1,2026-05-25T08:14:12+00:00
ngth_tung,1,2026-05-25T08:14:12+00:00
paul__bergman,1,2026-05-25T08:14:12+00:00
hamishdrake,1,2026-05-25T08:14:12+00:00
felipisho,1,2026-05-25T08:14:12+00:00
juliacschwartz,1,2026-05-25T08:14:12+00:00
aliasa,1,2026-05-25T08:14:12+00:00
brunowance,1,2026-05-25T08:14:12+00:00
m3charen,1,2026-05-25T08:14:12+00:00
andreah_r,1,2026-05-25T08:14:12+00:00
amayap7,1,2026-05-25T08:14:12+00:00
isaanhalt,1,2026-05-25T08:14:12+00:00
kmiluchaa,1,2026-05-25T08:14:12+00:00
federeeco,1,2026-05-25T08:14:12+00:00
banananam,1,2026-05-25T08:14:12+00:00
luanadxs,1,2026-05-25T08:14:12+00:00
nathaliamahchi,1,2026-05-25T08:14:12+00:00
lihribeiro,1,2026-05-25T08:14:12+00:00
baddiebear,1,2026-05-25T08:14:12+00:00
michellebuiq,1,2026-05-25T08:14:12+00:00
deskaso,1,2026-05-25T08:14:12+00:00
angieluciia,1,2026-05-25T08:14:12+00:00
alexandro_cet,1,2026-05-25T08:14:12+00:00
mikeygudino,1,2026-05-25T08:14:12+00:00
cine_m_a,1,2026-05-25T08:14:12+00:00
staerrysummi,1,2026-05-25T08:14:12+00:00
miaharty,1,2026-05-25T08:14:12+00:00
ofelianyx,1,2026-05-25T08:14:12+00:00
magg2504,1,2026-05-25T08:14:12+00:00
cooltrainergrps,1,2026-05-25T08:14:12+00:00
annabelvuong,1,2026-05-25T08:14:12+00:00
wonderland8,1,2026-05-25T08:14:12+00:00
il0veyuri,1,2026-05-25T08:14:12+00:00
estefffaniaaa7,1,2026-05-25T08:14:12+00:00
grandppa,1,2026-05-25T08:14:12+00:00
sickflixhorror,1,2026-05-25T08:14:12+00:00
procurandodori,1,2026-05-25T08:14:12+00:00
sunnynagtegaal,1,2026-05-25T08:14:12+00:00
mmnoble,1,2026-05-25T08:14:12+00:00
k8thotp,1,2026-05-25T08:14:12+00:00
qmarashdeh,1,2026-05-25T08:14:12+00:00
meghanelivigi,1,2026-05-25T08:14:12+00:00
sosozitass,1,2026-05-25T08:14:12+00:00
nmiracakes,1,2026-05-25T08:14:12+00:00
aleksiku,1,2026-05-25T08:14:12+00:00
softaquarius,1,2026-05-25T08:14:12+00:00
xoxiec,1,2026-05-25T08:14:12+00:00
chofsreviewsht,1,2026-05-25T08:14:12+00:00
malbaskiv,1,2026-05-25T08:14:12+00:00
thedreamer7,1,2026-05-25T08:14:12+00:00
goosey06,1,2026-05-25T08:14:12+00:00
danisslovee,1,2026-05-25T08:14:12+00:00
juliaespii,1,2026-05-25T08:14:12+00:00
yerbalinaa,1,2026-05-25T08:14:12+00:00
garyliu,1,2026-05-25T08:14:12+00:00
v3delatorre,1,2026-05-25T08:14:12+00:00
wesnirgen,1,2026-05-25T08:14:12+00:00
filippaki,1,2026-05-25T08:14:12+00:00
luckiistar,1,2026-05-25T08:14:12+00:00
sbertozzi,1,2026-05-25T08:14:12+00:00
camororo,1,2026-05-25T08:14:12+00:00
thefilmmaker08,1,2026-05-25T08:14:12+00:00
deathh20,1,2026-05-25T08:14:12+00:00
gigvana,1,2026-05-25T08:14:12+00:00
jiaaa14,1,2026-05-25T08:14:12+00:00
anshiiiill,1,2026-05-25T08:14:12+00:00
zsairqh,1,2026-05-25T08:14:12+00:00
eliantte,1,2026-05-25T08:14:12+00:00
ubaldoo,1,2026-05-25T08:14:12+00:00
hudis,1,2026-05-25T08:14:12+00:00
h_hotline,1,2026-05-25T08:14:12+00:00
userpriv3,1,2026-05-25T08:14:12+00:00
joanofsan,1,2026-05-25T08:14:12+00:00
noelia_dp,1,2026-05-25T08:14:12+00:00
firminogb,1,2026-05-25T08:14:12+00:00
danarroyo,1,2026-05-25T08:14:12+00:00
moly92,1,2026-05-25T08:14:12+00:00
abhiardeshana,1,2026-05-25T08:14:12+00:00
chaau,1,2026-05-25T08:14:12+00:00
super_girl23,1,2026-05-25T08:14:12+00:00
dzavalaw,1,2026-05-25T08:14:12+00:00
kate_roses,1,2026-05-25T08:14:12+00:00
filmsbymels,1,2026-05-25T08:14:12+00:00
stellaria19,1,2026-05-25T08:14:12+00:00
manuliraf,1,2026-05-25T08:14:12+00:00
bloona4333,1,2026-05-25T08:14:12+00:00
asadacolada,1,2026-05-25T08:14:12+00:00
k4thyyyy,1,2026-05-25T08:14:12+00:00
kurvendiskuteur,1,2026-05-25T08:14:12+00:00
doyled_it,1,2026-05-25T08:14:12+00:00
evangeline_m,1,2026-05-25T08:14:12+00:00
moondarkwalker,1,2026-05-25T08:14:12+00:00
mlssa,1,2026-05-25T08:14:12+00:00
mercedesd,1,2026-05-25T08:14:12+00:00
illmmtu,1,2026-05-25T08:14:12+00:00
preetwiest,1,2026-05-25T08:14:12+00:00
spicathsrc,1,2026-05-25T08:14:12+00:00
_nvther,1,2026-05-25T08:14:12+00:00
noemismyname,1,2026-05-25T08:14:12+00:00
virijim,1,2026-05-25T08:14:12+00:00
spudivy,1,2026-05-25T08:14:12+00:00
eth4npham,1,2026-05-25T08:14:12+00:00
kwashigah,1,2026-05-25T08:14:12+00:00
sebaslml,1,2026-05-25T08:14:12+00:00
treedunk,1,2026-05-25T08:14:12+00:00
weevil_knievel,1,2026-05-25T08:14:12+00:00
pbrayer,1,2026-05-25T08:14:12+00:00
putainmarco,1,2026-05-25T08:14:12+00:00
akastoneheart,1,2026-05-25T08:14:12+00:00
ariaaa16,1,2026-05-25T08:14:12+00:00
clarinette2602,1,2026-05-25T08:14:12+00:00
likir,1,2026-05-25T08:14:12+00:00
coffee000,1,2026-05-25T08:14:12+00:00
nobody_tom,1,2026-05-25T08:14:12+00:00
gueguette06,1,2026-05-25T08:14:12+00:00
tite_etoile,1,2026-05-25T08:14:12+00:00
regiinec,1,2026-05-25T08:14:12+00:00
yupi14ih,1,2026-05-25T08:14:12+00:00
markussmovies,1,2026-05-25T08:14:12+00:00
zarakiel_,1,2026-05-25T08:14:12+00:00
godot_ytb,1,2026-05-25T08:14:12+00:00
colourblue,1,2026-05-25T08:14:12+00:00
nanouuuuu,1,2026-05-25T08:14:12+00:00
th0masng,1,2026-05-25T08:14:12+00:00
timtamcakepan,1,2026-05-25T08:14:12+00:00
lillibrns,1,2026-05-25T08:14:12+00:00
apunkany,1,2026-05-25T08:14:12+00:00
ddiillaaww,1,2026-05-25T08:14:12+00:00
dj_pasteque,1,2026-05-25T08:14:12+00:00
savage_em,1,2026-05-25T08:14:12+00:00
jeopardy_jerad,1,2026-05-25T08:14:12+00:00
jaydotorg,1,2026-05-25T08:14:12+00:00
emmyyyy_,1,2026-05-25T08:14:12+00:00
paulinegr,1,2026-05-25T08:14:12+00:00
juga777,1,2026-05-25T08:14:12+00:00
sl0tter,1,2026-05-25T08:14:12+00:00
ivlx9,1,2026-05-25T08:14:12+00:00
joelle0812,1,2026-05-25T08:14:12+00:00
emilie14v,1,2026-05-25T08:14:12+00:00
maddi3w,1,2026-05-25T08:14:12+00:00
kirbyswag,1,2026-05-25T08:14:12+00:00
estell3,1,2026-05-25T08:14:12+00:00
franzi_sdk,1,2026-05-25T08:14:12+00:00
hvncholaflare,1,2026-05-25T08:14:12+00:00
mattiparka,1,2026-05-25T08:14:12+00:00
einj3l,1,2026-05-25T08:14:12+00:00
hadassahsun,1,2026-05-25T08:14:12+00:00
kiarifigue,1,2026-05-25T08:14:12+00:00
groo_b,1,2026-05-25T08:14:12+00:00
jonatago,1,2026-05-25T08:14:12+00:00
jinglejangle,1,2026-05-25T08:14:12+00:00
diixxx,1,2026-05-25T08:14:12+00:00
hustlain,1,2026-05-25T08:14:12+00:00
brianh94,1,2026-05-25T08:14:12+00:00
jonathanvaldes,1,2026-05-25T08:14:12+00:00
naeemg,1,2026-05-25T08:14:12+00:00
atchey,1,2026-05-25T08:14:12+00:00
chelts,1,2026-05-25T08:14:12+00:00
balaric,1,2026-05-25T08:14:12+00:00
rbkcacho,1,2026-05-25T08:14:12+00:00
le_grand_gaston,1,2026-05-25T08:14:12+00:00
hayleybugs,1,2026-05-25T08:14:12+00:00
heavenlyyaksha,1,2026-05-25T08:14:12+00:00
awhtoast,1,2026-05-25T08:14:12+00:00
rzn0099,1,2026-05-25T08:14:12+00:00
hugauq,1,2026-05-25T08:14:12+00:00
culiado,1,2026-05-25T08:14:12+00:00
macformaggio,1,2026-05-25T08:14:12+00:00
z0mbre,1,2026-05-25T08:14:12+00:00
xopriito,1,2026-05-25T08:14:12+00:00
kosherrosas,1,2026-05-25T08:14:12+00:00
lilianann,1,2026-05-25T08:14:12+00:00
malapartee,1,2026-05-25T08:14:12+00:00
lesline_,1,2026-05-25T08:14:12+00:00
swandove,1,2026-05-25T08:14:12+00:00
dontendjustyet,1,2026-05-25T08:14:12+00:00
damlab1509,1,2026-05-25T08:14:12+00:00
happy_liblab,1,2026-05-25T08:14:12+00:00
timii0,1,2026-05-25T08:14:12+00:00
majomarinb,1,2026-05-25T08:14:12+00:00
saito21721,1,2026-05-25T08:14:12+00:00
meowring,1,2026-05-25T08:14:12+00:00
magzabeth,1,2026-05-25T08:14:12+00:00
dannyhern_,1,2026-05-25T08:14:12+00:00
jstnszn,1,2026-05-25T08:14:12+00:00
haydeed,1,2026-05-25T08:14:12+00:00
mothlightman,1,2026-05-25T08:14:12+00:00
sacrrrebleu,1,2026-05-25T08:14:12+00:00
lastcutscene,1,2026-05-25T08:14:12+00:00
urasian,1,2026-05-25T08:14:12+00:00
berkay07,1,2026-05-25T08:14:12+00:00
ctevrairosa,1,2026-05-25T08:14:12+00:00
ndlt_,1,2026-05-25T08:14:12+00:00
voodoovult,1,2026-05-25T08:14:12+00:00
emml25,1,2026-05-25T08:14:12+00:00
fakfkhra,1,2026-05-25T08:14:12+00:00
waterbaboon,1,2026-05-25T08:14:12+00:00
_iheartsavannah,1,2026-05-25T08:14:12+00:00
hernan1777,1,2026-05-25T08:14:12+00:00
feerm,1,2026-05-25T08:14:12+00:00
soaflowersy,1,2026-05-25T08:14:12+00:00
soffne,1,2026-05-25T08:14:12+00:00
simpforn4z,1,2026-05-25T08:14:12+00:00
aifryerlover,1,2026-05-25T08:14:12+00:00
chutton93,1,2026-05-25T08:14:12+00:00
rvmytxiliax,1,2026-05-25T08:14:12+00:00
guybullion,1,2026-05-25T08:14:12+00:00
brunnodblin,1,2026-05-25T08:14:12+00:00
b3kugh,1,2026-05-25T08:14:12+00:00
itsnotniiiiiik,1,2026-05-25T08:14:12+00:00
blaze_70,1,2026-05-25T08:14:12+00:00
margeila,1,2026-05-25T08:14:12+00:00
b_rizzle2412,1,2026-05-25T08:14:12+00:00
jasminelaa,1,2026-05-25T08:14:12+00:00
matth0oper,1,2026-05-25T08:14:12+00:00
elizapach133,1,2026-05-25T08:14:12+00:00
d3vin_00,1,2026-05-25T08:14:12+00:00
03raul,1,2026-05-25T08:14:12+00:00
etrain2018,1,2026-05-25T08:14:12+00:00
aloz_22,1,2026-05-25T08:14:12+00:00
myvenicebitch,1,2026-05-25T08:14:12+00:00
doritosazeh,1,2026-05-25T08:14:12+00:00
spookiestnoodle,1,2026-05-25T08:14:12+00:00
lunavellee,1,2026-05-25T08:14:12+00:00
acsmith0425,1,2026-05-25T08:14:12+00:00
mo0nylux,1,2026-05-25T08:14:12+00:00
iamthediary,1,2026-05-25T08:14:12+00:00
jaaviletter,1,2026-05-25T08:14:12+00:00
mett,1,2026-05-25T08:14:12+00:00
thisisnotangel,1,2026-05-25T08:14:12+00:00
crodlo,1,2026-05-25T08:14:12+00:00
pepazo,1,2026-05-25T08:14:12+00:00
colinhyde,1,2026-05-25T08:14:12+00:00
jadalves1211,1,2026-05-25T08:14:12+00:00
sevvalraenn,1,2026-05-25T08:14:12+00:00
gutenburger,1,2026-05-25T08:14:12+00:00
blluo,1,2026-05-25T08:14:12+00:00
dvzyx,1,2026-05-25T08:14:12+00:00
ohcaeee,1,2026-05-25T08:14:12+00:00
respwnc,1,2026-05-25T08:14:12+00:00
inesm02,1,2026-05-25T08:14:12+00:00
safia_frdx,1,2026-05-25T08:14:12+00:00
unyuh,1,2026-05-25T08:14:12+00:00
msbigmanmotion,1,2026-05-25T08:14:12+00:00
marc_bussu,1,2026-05-25T08:14:12+00:00
esnnkrt,1,2026-05-25T08:14:12+00:00
alex7712,1,2026-05-25T08:14:12+00:00
lilykraus,1,2026-05-25T08:14:12+00:00
luna51,1,2026-05-25T08:14:12+00:00
whootfisshira,1,2026-05-25T08:14:12+00:00
palafox007,1,2026-05-25T08:14:12+00:00
s1monmsplb,1,2026-05-25T08:14:12+00:00
audreh,1,2026-05-25T08:14:12+00:00
astriiddddd,1,2026-05-25T08:14:12+00:00
tannerbjobe,1,2026-05-25T08:14:12+00:00
gahara,1,2026-05-25T08:14:12+00:00
miss_babycakes,1,2026-05-25T08:14:12+00:00
bambi757,1,2026-05-25T08:14:12+00:00
hrrsw,1,2026-05-25T08:14:12+00:00
bella_332457jjj,1,2026-05-25T08:14:12+00:00
bazinga41,1,2026-05-25T08:14:12+00:00
opethfan21,1,2026-05-25T08:14:12+00:00
tapanirauta,1,2026-05-25T08:14:12+00:00
littleboy20,1,2026-05-25T08:14:12+00:00
chinczuk,1,2026-05-25T08:14:12+00:00
briellau,1,2026-05-25T08:14:12+00:00
boofjr,1,2026-05-25T08:14:12+00:00
panify,1,2026-05-25T08:14:12+00:00
zofi_tortilia,1,2026-05-25T08:14:12+00:00
pandurovkaa,1,2026-05-25T08:14:12+00:00
bryanzone,1,2026-05-25T08:14:12+00:00
cricket42,1,2026-05-25T08:14:12+00:00
manonh13,1,2026-05-25T08:14:12+00:00
addrsmith,1,2026-05-25T08:14:12+00:00
lo_wgn,1,2026-05-25T08:14:12+00:00
mostlyw,1,2026-05-25T08:14:12+00:00
hmmza,1,2026-05-25T08:14:12+00:00
rigzick,1,2026-05-25T08:14:12+00:00
chiefsaqif,1,2026-05-25T08:14:12+00:00
bignoosh,1,2026-05-25T08:14:12+00:00
cannibaii,1,2026-05-25T08:14:12+00:00
nur33,1,2026-05-25T08:14:12+00:00
chhatrapal___xd,1,2026-05-25T08:14:12+00:00
aelorian,1,2026-05-25T08:14:12+00:00
raffanoskopi,1,2026-05-25T08:14:12+00:00
akuyi,1,2026-05-25T08:14:12+00:00
nonamethe21,1,2026-05-25T08:14:12+00:00
nuuttim,1,2026-05-25T08:14:12+00:00
sctrho,1,2026-05-25T08:14:12+00:00
nocontext5505,1,2026-05-25T08:14:12+00:00
beta865,1,2026-05-25T08:14:12+00:00
galwaybae,1,2026-05-25T08:14:12+00:00
mcbaca,1,2026-05-25T08:14:12+00:00
tchoupinou,1,2026-05-25T08:14:12+00:00
alexrdu,1,2026-05-25T08:14:12+00:00
wonder_lander,1,2026-05-25T08:14:12+00:00
itsxmeg,1,2026-05-25T08:14:12+00:00
zeynep_tk,1,2026-05-25T08:14:12+00:00
ekim2015,1,2026-05-25T08:14:12+00:00
dugosugo,1,2026-05-25T08:14:12+00:00
slink321,1,2026-05-25T08:14:12+00:00
mimiscen,1,2026-05-25T08:14:12+00:00
dor1bas,1,2026-05-25T08:14:12+00:00
swagg4r,1,2026-05-25T08:14:12+00:00
fdjenks,1,2026-05-25T08:14:12+00:00
shortyallegro,1,2026-05-25T08:14:12+00:00
gotycki_chleb,1,2026-05-25T08:14:12+00:00
jsin84,1,2026-05-25T08:14:12+00:00
finalnotice,1,2026-05-25T08:14:12+00:00
treynightingale,1,2026-05-25T08:14:12+00:00
ryemc,1,2026-05-25T08:14:12+00:00
ivansbl,1,2026-05-25T08:14:12+00:00
deftdn,1,2026-05-25T08:14:12+00:00
parthalow,1,2026-05-25T08:14:12+00:00
benroa,1,2026-05-25T08:14:12+00:00
iker_449,1,2026-05-25T08:14:12+00:00
otniel,1,2026-05-25T08:14:12+00:00
poohbin,1,2026-05-25T08:14:12+00:00
g0rmsy,1,2026-05-25T08:14:12+00:00
moleka,1,2026-05-25T08:14:12+00:00
italianlotus,1,2026-05-25T08:14:12+00:00
bryansoltis,1,2026-05-25T08:14:12+00:00
jaycshow,1,2026-05-25T08:14:12+00:00
bdoug008,1,2026-05-25T08:14:12+00:00
babaganou5h,1,2026-05-25T08:14:12+00:00
chh1kyy,1,2026-05-25T08:14:12+00:00
s1lentmagic,1,2026-05-25T08:14:12+00:00
challooommmm,1,2026-05-25T08:14:12+00:00
linaxxz,1,2026-05-25T08:14:12+00:00
luhgig,1,2026-05-25T08:14:12+00:00
hanspanderer,1,2026-05-25T08:14:12+00:00
ilovecoc0nut,1,2026-05-25T08:14:12+00:00
tunakuyucu,1,2026-05-25T08:14:12+00:00
ori236,1,2026-05-25T08:14:12+00:00
rubyboobyx,1,2026-05-25T08:14:12+00:00
ant1996,1,2026-05-25T08:14:12+00:00
6space6bootz6,1,2026-05-25T08:14:12+00:00
acuted,1,2026-05-25T08:14:12+00:00
mayraccarita,1,2026-05-25T08:14:12+00:00
blueninja747,1,2026-05-25T08:14:12+00:00
jahthechildeatr,1,2026-05-25T08:14:12+00:00
margotcarolinee,1,2026-05-25T08:14:12+00:00
garinense,1,2026-05-25T08:14:12+00:00
didiandre,1,2026-05-25T08:14:12+00:00
sampotts23,1,2026-05-25T08:14:12+00:00
killbillna,1,2026-05-25T08:14:12+00:00
marbellio,1,2026-05-25T08:14:12+00:00
toast1938s,1,2026-05-25T08:14:12+00:00
films234,1,2026-05-25T08:14:12+00:00
liessara,1,2026-05-25T08:14:12+00:00
mahad64,1,2026-05-25T08:14:12+00:00
biondo0,1,2026-05-25T08:14:12+00:00
davidvalll,1,2026-05-25T08:14:12+00:00
mmmm_max,1,2026-05-25T08:14:12+00:00
kyoushi,1,2026-05-25T08:14:12+00:00
cata_l_b_,1,2026-05-25T08:14:12+00:00
valpham,1,2026-05-25T08:14:12+00:00
reynaldolopz,1,2026-05-25T08:14:12+00:00
nishnasarv,1,2026-05-25T08:14:12+00:00
felixgss,1,2026-05-25T08:14:12+00:00
gaganrathore,1,2026-05-25T08:14:12+00:00
pypstwo,1,2026-05-25T08:14:12+00:00
trentmassey,1,2026-05-25T08:14:12+00:00
fremmmm,1,2026-05-25T08:14:12+00:00
nigarseyidova,1,2026-05-25T08:14:12+00:00
moh1b,1,2026-05-25T08:14:12+00:00
justtheyip,1,2026-05-25T08:14:12+00:00
melihrai,1,2026-05-25T08:14:12+00:00
cchrisyu,1,2026-05-25T08:14:12+00:00
gabsc16,1,2026-05-25T08:14:12+00:00
littlefa1ry,1,2026-05-25T08:14:12+00:00
souaid,1,2026-05-25T08:14:12+00:00
estebansnow,1,2026-05-25T08:14:12+00:00
kiaramrlo,1,2026-05-25T08:14:12+00:00
piloxciv,1,2026-05-25T08:14:12+00:00
elifnn35,1,2026-05-25T08:14:12+00:00
ignis_spirit,1,2026-05-25T08:14:12+00:00
garcaste,1,2026-05-25T08:14:12+00:00
louisehrt,1,2026-05-25T08:14:12+00:00
exaucelalilou,1,2026-05-25T08:14:12+00:00
jabess,1,2026-05-25T08:14:12+00:00
jektehlaper,1,2026-05-25T08:14:12+00:00
martacorreia,1,2026-05-25T08:14:12+00:00
maldabo,1,2026-05-25T08:14:12+00:00
rashdan_,1,2026-05-25T08:14:12+00:00
kandemirkaann,1,2026-05-25T08:14:12+00:00
fkjesus67,1,2026-05-25T08:14:12+00:00
zuhair__,1,2026-05-25T08:14:12+00:00
mameotg,1,2026-05-25T08:14:12+00:00
bakix,1,2026-05-25T08:14:12+00:00
bndomn,1,2026-05-25T08:14:12+00:00
magriddy,1,2026-05-25T08:14:12+00:00
secondchance22,1,2026-05-25T08:14:12+00:00
fp8,1,2026-05-25T08:14:12+00:00
midarww,1,2026-05-25T08:14:12+00:00
vampbleeding,1,2026-05-25T08:14:12+00:00
nekonohani,1,2026-05-25T08:14:12+00:00
ymnsd,1,2026-05-25T08:14:12+00:00
mioffie,1,2026-05-25T08:14:12+00:00
frey_frey_,1,2026-05-25T08:14:12+00:00
tessasch1,1,2026-05-25T08:14:12+00:00
sbr1ss,1,2026-05-25T08:14:12+00:00
facufanessi,1,2026-05-25T08:14:12+00:00
shakarms,1,2026-05-25T08:14:12+00:00
comradeophelia,1,2026-05-25T08:14:12+00:00
smnthtylr,1,2026-05-25T08:14:12+00:00
ismailcskn,1,2026-05-25T08:14:12+00:00
sin3ad,1,2026-05-25T08:14:12+00:00
laliegrt,1,2026-05-25T08:14:12+00:00
chicanoprofe,1,2026-05-25T08:14:12+00:00
hervirtue12,1,2026-05-25T08:14:12+00:00
pongii,1,2026-05-25T08:14:12+00:00
reaganj11,1,2026-05-25T08:14:12+00:00
emma_grace212,1,2026-05-25T08:14:12+00:00
madihope314,1,2026-05-25T08:14:12+00:00
andarooly,1,2026-05-25T08:14:12+00:00
doubled_lkky,1,2026-05-25T08:14:12+00:00
iamnotjosie,1,2026-05-25T08:14:12+00:00
abipolomints,1,2026-05-25T08:14:12+00:00
miraavv,1,2026-05-25T08:14:12+00:00
ivan777,1,2026-05-25T08:14:12+00:00
arisunset,1,2026-05-25T08:14:12+00:00
victorromano,1,2026-05-25T08:14:12+00:00
alan_esaul,1,2026-05-25T08:14:12+00:00
tekirfibis,1,2026-05-25T08:14:12+00:00
umeboshi09,1,2026-05-25T08:14:12+00:00
insectoidexu,1,2026-05-25T08:14:12+00:00
astron,1,2026-05-25T08:14:12+00:00
superelss44,1,2026-05-25T08:14:12+00:00
peyindis_jawn,1,2026-05-25T08:14:12+00:00
duskaerdawn,1,2026-05-25T08:14:12+00:00
mahmudhasanfuad,1,2026-05-25T08:14:12+00:00
ilaria001,1,2026-05-25T08:14:12+00:00
def_not_filip,1,2026-05-25T08:14:12+00:00
vadjo12,1,2026-05-25T08:14:12+00:00
andrzjj,1,2026-05-25T08:14:12+00:00
latteia,1,2026-05-25T08:14:12+00:00
pridemore,1,2026-05-25T08:14:12+00:00
lostdeadwife,1,2026-05-25T08:14:12+00:00
deseariction,1,2026-05-25T08:14:12+00:00
nibuu,1,2026-05-25T08:14:12+00:00
laraozen,1,2026-05-25T08:14:12+00:00
pelikuluh,1,2026-05-25T08:14:12+00:00
cocoocolohoe,1,2026-05-25T08:14:12+00:00
andreinapires,1,2026-05-25T08:14:12+00:00
sksoderberg,1,2026-05-25T08:14:12+00:00
unfamiliarangel,1,2026-05-25T08:14:12+00:00
minecraftlvr,1,2026-05-25T08:14:12+00:00
blackmonk2,1,2026-05-25T08:14:12+00:00
kaitlyn357,1,2026-05-25T08:14:12+00:00
kimiakho,1,2026-05-25T08:14:12+00:00
p1nk3rt0n,1,2026-05-25T08:14:12+00:00
dswint,1,2026-05-25T08:14:12+00:00
iloveyuri72,1,2026-05-25T08:14:12+00:00
toasta_oven,1,2026-05-25T08:14:12+00:00
ccharcot,1,2026-05-25T08:14:12+00:00
charlottoe,1,2026-05-25T08:14:12+00:00
joesolava,1,2026-05-25T08:14:12+00:00
lychee_1111,1,2026-05-25T08:14:12+00:00
sophieharry,1,2026-05-25T08:14:12+00:00
10applepi,1,2026-05-25T08:14:12+00:00
swaham,1,2026-05-25T08:14:12+00:00
guinazanetti,1,2026-05-25T08:14:12+00:00
katexochen,1,2026-05-25T08:14:12+00:00
lanita_mc,1,2026-05-25T08:14:12+00:00
abstractviewer,1,2026-05-25T08:14:12+00:00
maximilian595,1,2026-05-25T08:14:12+00:00
emimiron,1,2026-05-25T08:14:12+00:00
annieskim_,1,2026-05-25T08:14:12+00:00
laecissy,1,2026-05-25T08:14:12+00:00
chrisgiler,1,2026-05-25T08:14:12+00:00
spookoku,1,2026-05-25T08:14:12+00:00
rynnigan19,1,2026-05-25T08:14:12+00:00
allisonmango,1,2026-05-25T08:14:12+00:00
mai_gl,1,2026-05-25T08:14:12+00:00
afireinhannah,1,2026-05-25T08:14:12+00:00
dom1994,1,2026-05-25T08:14:12+00:00
danravencrow,1,2026-05-25T08:14:12+00:00
katermanfred,1,2026-05-25T08:14:12+00:00
flutt3r,1,2026-05-25T08:14:12+00:00
birbles,1,2026-05-25T08:14:12+00:00
nusk4aa,1,2026-05-25T08:14:12+00:00
mintochan,1,2026-05-25T08:14:12+00:00
nuxio_09,1,2026-05-25T08:14:12+00:00
ranavvvvv,1,2026-05-25T08:14:12+00:00
zaxary,1,2026-05-25T08:14:12+00:00
lexig223,1,2026-05-25T08:14:12+00:00
nilalahad,1,2026-05-25T08:14:12+00:00
waskam65,1,2026-05-25T08:14:12+00:00
dakotajohnson89,1,2026-05-25T08:14:12+00:00
jackdawsonarg,1,2026-05-25T08:14:12+00:00
deeb4a,1,2026-05-25T08:14:12+00:00
fuffyfluffy,1,2026-05-25T08:14:12+00:00
st9r,1,2026-05-25T08:14:12+00:00
wadoohas,1,2026-05-25T08:14:12+00:00
romy07,1,2026-05-25T08:14:12+00:00
suemezie,1,2026-05-25T08:14:12+00:00
zumrutqzra,1,2026-05-25T08:14:12+00:00
paoli_chan,1,2026-05-25T08:14:12+00:00
uckbeyza,1,2026-05-25T08:14:12+00:00
lovefooled,1,2026-05-25T08:14:12+00:00
edamaro1986,1,2026-05-25T08:14:12+00:00
miranda_ramosbl,1,2026-05-25T08:14:12+00:00
kuekacangenak,1,2026-05-25T08:14:12+00:00
nyxiengale,1,2026-05-25T08:14:12+00:00
bloody_cape,1,2026-05-25T08:14:12+00:00
ella_s135,1,2026-05-25T08:14:12+00:00
zxsiac,1,2026-05-25T08:14:12+00:00
monicapss,1,2026-05-25T08:14:12+00:00
mariamali14,1,2026-05-25T08:14:12+00:00
daaniifuu,1,2026-05-25T08:14:12+00:00
harlan09,1,2026-05-25T08:14:12+00:00
sushibrei,1,2026-05-25T08:14:12+00:00
ava_phel22,1,2026-05-25T08:14:12+00:00
frickface,1,2026-05-25T08:14:12+00:00
pyrsmnis,1,2026-05-25T08:14:12+00:00
ronny_rom,1,2026-05-25T08:14:12+00:00
praptimbruch14,1,2026-05-25T08:14:12+00:00
danniiiiiys,1,2026-05-25T08:14:12+00:00
froggydays,1,2026-05-25T08:14:12+00:00
idol_,1,2026-05-25T08:14:12+00:00
oniiiiiiiiiiiii,1,2026-05-25T08:14:12+00:00
cinemalover369,1,2026-05-25T08:14:12+00:00
yune_sanz,1,2026-05-25T08:14:12+00:00
mavekii11,1,2026-05-25T08:14:12+00:00
aceofhearts46,1,2026-05-25T08:14:12+00:00
candelagarciadc,1,2026-05-25T08:14:12+00:00
amal09,1,2026-05-25T08:14:12+00:00
kev_inthecave,1,2026-05-25T08:14:12+00:00
natalie_1234,1,2026-05-25T08:14:12+00:00
yuliskittles,1,2026-05-25T08:14:12+00:00
girlypophq,1,2026-05-25T08:14:12+00:00
ririnotfound,1,2026-05-25T08:14:12+00:00
vickzinhawinxx,1,2026-05-25T08:14:12+00:00
gracebrown333,1,2026-05-25T08:14:12+00:00
ayesab,1,2026-05-25T08:14:12+00:00
zaheenh,1,2026-05-25T08:14:12+00:00
kucings,1,2026-05-25T08:14:12+00:00
marmoriss,1,2026-05-25T08:14:12+00:00
nathankick,1,2026-05-25T08:14:12+00:00
drake67,1,2026-05-25T08:14:12+00:00
alexperzl,1,2026-05-25T08:14:12+00:00
zeynep417,1,2026-05-25T08:14:12+00:00
jytishhh,1,2026-05-25T08:14:12+00:00
khakkako,1,2026-05-25T08:14:12+00:00
melomdrs,1,2026-05-25T08:14:12+00:00
1bandxt,1,2026-05-25T08:14:12+00:00
ok_zzala,1,2026-05-25T08:14:12+00:00
laurgirrl,1,2026-05-25T08:14:12+00:00
p1nkmo0nz,1,2026-05-25T08:14:12+00:00
ivahinson,1,2026-05-25T08:14:12+00:00
viveriss,1,2026-05-25T08:14:12+00:00
niecyy,1,2026-05-25T08:14:12+00:00
egozim,1,2026-05-25T08:14:12+00:00
xian_dorian,1,2026-05-25T08:14:12+00:00
zerolcamb,1,2026-05-25T08:14:12+00:00
miuhisaki,1,2026-05-25T08:14:12+00:00
yaaawm_ie,1,2026-05-25T08:14:12+00:00
asthmapump,1,2026-05-25T08:14:12+00:00
romeyyy,1,2026-05-25T08:14:12+00:00
binbbie,1,2026-05-25T08:14:12+00:00
and3rp3rry,1,2026-05-25T08:14:12+00:00
lettieuj,1,2026-05-25T08:14:12+00:00
flowermanjohnny,1,2026-05-25T08:14:12+00:00
grmlnsminion,1,2026-05-25T08:14:12+00:00
anomaliiii,1,2026-05-25T08:14:12+00:00
walnutlemon5840,1,2026-05-25T08:14:12+00:00
gentleman93,1,2026-05-25T08:14:12+00:00
alixxia,1,2026-05-25T08:14:12+00:00
ernstdj,1,2026-05-25T08:14:12+00:00
juliebrn,1,2026-05-25T08:14:12+00:00
luiecrislenumer,1,2026-05-25T08:14:12+00:00
theloniusmovies,1,2026-05-25T08:14:12+00:00
mat__mat,1,2026-05-25T08:14:12+00:00
looeeez,1,2026-05-25T08:14:12+00:00
mds_sara_,1,2026-05-25T08:14:12+00:00
amievenrealyola,1,2026-05-25T08:14:12+00:00
sturrockl97,1,2026-05-25T08:14:12+00:00
katesbookcart,1,2026-05-25T08:14:12+00:00
ashsparrow,1,2026-05-25T08:14:12+00:00
quiskeya,1,2026-05-25T08:14:12+00:00
abnueve,1,2026-05-25T08:14:12+00:00
moremik,1,2026-05-25T08:14:12+00:00
lilisbluespring,1,2026-05-25T08:14:12+00:00
matiszer,1,2026-05-25T08:14:12+00:00
ikelon,1,2026-05-25T08:14:12+00:00
elsaani,1,2026-05-25T08:14:12+00:00
frbaudry,1,2026-05-25T08:14:12+00:00
f_soizic,1,2026-05-25T08:14:12+00:00
moth_zz,1,2026-05-25T08:14:12+00:00
mimissssssss6,1,2026-05-25T08:14:12+00:00
kaonnif,1,2026-05-25T08:14:12+00:00
zniv12,1,2026-05-25T08:14:12+00:00
ch600,1,2026-05-25T08:14:12+00:00
khoffman22,1,2026-05-25T08:14:12+00:00
joelasq,1,2026-05-25T08:14:12+00:00
stickyandsweet,1,2026-05-25T08:14:12+00:00
perlaaa__,1,2026-05-25T08:14:12+00:00
lilice44,1,2026-05-25T08:14:12+00:00
notelmy,1,2026-05-25T08:14:12+00:00
max_xine,1,2026-05-25T08:14:12+00:00
rachatkin,1,2026-05-25T08:14:12+00:00
meestarobata,1,2026-05-25T08:14:12+00:00
danizhug10,1,2026-05-25T08:14:12+00:00
_bywhatever,1,2026-05-25T08:14:12+00:00
ciroryx,1,2026-05-25T08:14:12+00:00
lexielexa,1,2026-05-25T08:14:12+00:00
deffnotme_zy,1,2026-05-25T08:14:12+00:00
enriqueglz_9,1,2026-05-25T08:14:12+00:00
ourdaesz,1,2026-05-25T08:14:12+00:00
sillymonkey7,1,2026-05-25T08:14:12+00:00
mylzzz,1,2026-05-25T08:14:12+00:00
mariebester,1,2026-05-25T08:14:12+00:00
caroline_k07,1,2026-05-25T08:14:12+00:00
colemcdonnell,1,2026-05-25T08:14:12+00:00
meedhaa,1,2026-05-25T08:14:12+00:00
ethantoey,1,2026-05-25T08:14:12+00:00
tylertmoon,1,2026-05-25T08:14:12+00:00
katomara,1,2026-05-25T08:14:12+00:00
shyelsingh,1,2026-05-25T08:14:12+00:00
bradenwalkerr12,1,2026-05-25T08:14:12+00:00
aegneous,1,2026-05-25T08:14:12+00:00
danebarney,1,2026-05-25T08:14:12+00:00
carterthage,1,2026-05-25T08:14:12+00:00
mugwadee,1,2026-05-25T08:14:12+00:00
xo_eeri,1,2026-05-25T08:14:12+00:00
shortking05,1,2026-05-25T08:14:12+00:00
xnabi,1,2026-05-25T08:14:12+00:00
fleurdose,1,2026-05-25T08:14:12+00:00
pageolivia,1,2026-05-25T08:14:12+00:00
kikeemeno,1,2026-05-25T08:14:12+00:00
nkennal,1,2026-05-25T08:14:12+00:00
edenatkinson,1,2026-05-25T08:14:12+00:00
_canett,1,2026-05-25T08:14:12+00:00
brandonr18,1,2026-05-25T08:14:12+00:00
eggslut,1,2026-05-25T08:14:12+00:00
coreybewatchin,1,2026-05-25T08:14:12+00:00
kytr06,1,2026-05-25T08:14:12+00:00
riddimray,1,2026-05-25T08:14:12+00:00
mikawika,1,2026-05-25T08:14:12+00:00
meizifl,1,2026-05-25T08:14:12+00:00
eatss,1,2026-05-25T08:14:12+00:00
r9a,1,2026-05-25T08:14:12+00:00
luciapuglia,1,2026-05-25T08:14:12+00:00
callenreesew,1,2026-05-25T08:14:12+00:00
isamah,1,2026-05-25T08:14:12+00:00
sarah_bsqts,1,2026-05-25T08:14:12+00:00
idopyaft,1,2026-05-25T08:14:12+00:00
liofotias,1,2026-05-25T08:14:12+00:00
cearatb,1,2026-05-25T08:14:12+00:00
christy_rrr,1,2026-05-25T08:14:12+00:00
perrine_qg,1,2026-05-25T08:14:12+00:00
martimini,1,2026-05-25T08:14:12+00:00
bebekuning,1,2026-05-25T08:14:12+00:00
greenteadrinker,1,2026-05-25T08:14:12+00:00
mariep127,1,2026-05-25T08:14:12+00:00
yulioolibooli,1,2026-05-25T08:14:12+00:00
alonso2880,1,2026-05-25T08:14:12+00:00
jorritdegraaff,1,2026-05-25T08:14:12+00:00
ella81bwhoa,1,2026-05-25T08:14:12+00:00
woonbyo,1,2026-05-25T08:14:12+00:00
notcloudless,1,2026-05-25T08:14:12+00:00
jayyzie,1,2026-05-25T08:14:12+00:00
xavou,1,2026-05-25T08:14:12+00:00
6chris7,1,2026-05-25T08:14:12+00:00
ryagiz,1,2026-05-25T08:14:12+00:00
drezaire,1,2026-05-25T08:14:12+00:00
kuroosuro,1,2026-05-25T08:14:12+00:00
tavsus,1,2026-05-25T08:14:12+00:00
theresnoamrit,1,2026-05-25T08:14:12+00:00
laurapallisera,1,2026-05-25T08:14:12+00:00
edithsfilms,1,2026-05-25T08:14:12+00:00
nathanael_vrsch,1,2026-05-25T08:14:12+00:00
tikibar,1,2026-05-25T08:14:12+00:00
veegbr,1,2026-05-25T08:14:12+00:00
dukejazz1030,1,2026-05-25T08:14:12+00:00
karabilou,1,2026-05-25T08:14:12+00:00
febaldik,1,2026-05-25T08:14:12+00:00
chochloe,1,2026-05-25T08:14:12+00:00
calgo,1,2026-05-25T08:14:12+00:00
zoshka,1,2026-05-25T08:14:12+00:00
artemisapollon,1,2026-05-25T08:14:12+00:00
robbieborloo,1,2026-05-25T08:14:12+00:00
adii123,1,2026-05-25T08:14:12+00:00
waltzincat,1,2026-05-25T08:14:12+00:00
batuhan2335,1,2026-05-25T08:14:12+00:00
alistairyu,1,2026-05-25T08:14:12+00:00
l0ull4by,1,2026-05-25T08:14:12+00:00
jmezinator,1,2026-05-25T08:14:12+00:00
panchotopriv,1,2026-05-25T08:14:12+00:00
localtrollop,1,2026-05-25T08:14:12+00:00
r4ster,1,2026-05-25T08:14:12+00:00
dlzero,1,2026-05-25T08:14:12+00:00
avostrike,1,2026-05-25T08:14:12+00:00
aleisdelgado,1,2026-05-25T08:14:12+00:00
hnarita,1,2026-05-25T08:14:12+00:00
doujinrnr,1,2026-05-25T08:14:12+00:00
gootabug,1,2026-05-25T08:14:12+00:00
uamjajan,1,2026-05-25T08:14:12+00:00
ob2005,1,2026-05-25T08:14:12+00:00
michael064,1,2026-05-25T08:14:12+00:00
marcocoh,1,2026-05-25T08:14:12+00:00
davidpipper,1,2026-05-25T08:14:12+00:00
tlqkf,1,2026-05-25T08:14:12+00:00
imherefornow,1,2026-05-25T08:14:12+00:00
bear_nardy,1,2026-05-25T08:14:12+00:00
dibby_boy,1,2026-05-25T08:14:12+00:00
lore_iso,1,2026-05-25T08:14:12+00:00
veronicadark,1,2026-05-25T08:14:12+00:00
felixflodh,1,2026-05-25T08:14:12+00:00
david_1912_,1,2026-05-25T08:14:12+00:00
wassupdangerr,1,2026-05-25T08:14:12+00:00
gibbyishere,1,2026-05-25T08:14:12+00:00
dreinn1,1,2026-05-25T08:14:12+00:00
moviesmuncher,1,2026-05-25T08:14:12+00:00
mariaarlpzz,1,2026-05-25T08:14:12+00:00
mewe_97,1,2026-05-25T08:14:12+00:00
jessy0110,1,2026-05-25T08:14:12+00:00
lengta_mastan,1,2026-05-25T08:14:12+00:00
takemetogerch,1,2026-05-25T08:14:12+00:00
bippityboopy,1,2026-05-25T08:14:12+00:00
muhteremi,1,2026-05-25T08:14:12+00:00
nmegan,1,2026-05-25T08:14:12+00:00
scenedy,1,2026-05-25T08:14:12+00:00
llament,1,2026-05-25T08:14:12+00:00
_josegonzalez,1,2026-05-25T08:14:12+00:00
noyan139,1,2026-05-25T08:14:12+00:00
snideyboss,1,2026-05-25T08:14:12+00:00
zorgon__,1,2026-05-25T08:14:12+00:00
willkish2006,1,2026-05-25T08:14:12+00:00
eayucel,1,2026-05-25T08:14:12+00:00
utkq1,1,2026-05-25T08:14:12+00:00
darshan4,1,2026-05-25T08:14:12+00:00
titiseen,1,2026-05-25T08:14:12+00:00
s1ncara,1,2026-05-25T08:14:12+00:00
jmagnall,1,2026-05-25T08:14:12+00:00
jakej59,1,2026-05-25T08:14:12+00:00
insertnel,1,2026-05-25T08:14:12+00:00
arnobrunelle,1,2026-05-25T08:14:12+00:00
spudsbane,1,2026-05-25T08:14:12+00:00
christianib2005,1,2026-05-25T08:14:12+00:00
j_96,1,2026-05-25T08:14:12+00:00
rg4132,1,2026-05-25T08:14:12+00:00
ludohorse,1,2026-05-25T08:14:12+00:00
shaquilleikneel,1,2026-05-25T08:14:12+00:00
nickweida,1,2026-05-25T08:14:12+00:00
deniszalecki,1,2026-05-25T08:14:12+00:00
benheath101,1,2026-05-25T08:14:12+00:00
fjrmoviewatch,1,2026-05-25T08:14:12+00:00
need_coffee,1,2026-05-25T08:14:12+00:00
tomatocreature,1,2026-05-25T08:14:12+00:00
honorful,1,2026-05-25T08:14:12+00:00
