raw_user_id,userId
user_02024c5f6058,1
user_af383c7d5011,2
user_3b7fbb520f14,3
user_ccc8c6f65e11,4
user_54bfb63d8560,5
user_469ee665594f,6
user_04df6fa4dc34,7
user_6f97e5150b86,8
user_ad3430bb42f5,9
user_69845e58d5cd,10
user_08fc30d7405e,11
user_4de77a3605b3,12
user_965a240d2f19,13
user_de4680a33993,14
user_f1e72b482cfa,15
user_78da2cac31b1,16
user_126e243a3889,17
user_d6b3883bdac0,18
user_87694a3e0dc5,19
user_2fce355e9719,20
user_ff1548bacc1f,21
user_6573560a5058,22
user_23b11b457d39,23
user_15bb91a95d09,24
user_6b1b5691c4a5,25
user_628b66bfb28c,26
user_1832869a6de5,27
user_56b5d9021c0e,28
user_b8d3e5fe6dd2,29
user_e0ef14d91548,30
user_7eca30aaa296,31
user_52598723fe3d,32
user_16f5a9c9bb3b,33
user_5c18d4916cff,34
user_441a78e8bdea,35
user_bda3294223b7,36
user_2f44f4cc0428,37
user_5f2145d7ab7b,38
user_e31425de4cd5,39
user_8cdd02d35e4e,40
user_536d47d68b46,41
user_e4eab40534df,42
user_9b6385a9a255,43
user_6ace56c0ec87,44
user_b79ef9ef7b07,45
user_5e72c0523489,46
user_36fc7a0635cf,47
user_bf9fed667a93,48
user_5a5af59d660d,49
user_c738b763b7c3,50
user_0bffa918103e,51
user_cf2b12ea9e70,52
user_fbfe3b7e34e2,53
user_74497836f914,54
user_84e1d711bd28,55
user_1aca19d510bf,56
user_a6fcf47c4041,57
user_5dfff320bf4f,58
user_19918e8937c2,59
user_8501c0489f63,60
user_0c3ca2199ce4,61
user_ea39f9e14e97,62
user_5712e26d394d,63
user_fa30f67799d8,64
user_78e81c3415d5,65
user_236b6ab2a5ab,66
user_380269561309,67
user_98d314ee15e7,68
user_2876213afcf1,69
user_5ef46df082aa,70
user_16057110fbfd,71
user_3e5ca9cde43e,72
user_73022e2bf446,73
user_d649b3733bc7,74
user_6f4274664ea8,75
user_00294c6b402d,76
user_d2125c11ad94,77
user_83a9b6560a4d,78
user_83b0e166ae59,79
user_114beebf4115,80
user_da550581aecf,81
user_b7e1788e9fad,82
user_f16e2d44211c,83
user_6857d68164de,84
user_e1af4fc2c8fd,85
user_f903800ba8fe,86
user_4145786d0f2a,87
user_7567862abe4a,88
user_3eee5dace741,89
user_38bbcab70352,90
user_d4deb56619df,91
user_fc8dc8915e6c,92
user_80b969c1409c,93
user_81b3fc255e40,94
user_b7a1af0025c6,95
user_e16e517139c8,96
user_84c7e53e5562,97
user_368688119e7f,98
user_f6de416e3520,99
user_d4f119f9841c,100
user_ea1ada087d74,101
user_e2350439bb5e,102
user_cdf4659a249a,103
user_9aa2317157fa,104
user_a0f6fd1d173e,105
user_eb92289c38fa,106
user_dfe31b5abaaf,107
user_3769a4f05072,108
user_6914ee38f105,109
user_a99f9f98e47a,110
user_5209f2def6ff,111
user_49ecbe51378f,112
user_fef4ce65e4a2,113
user_10117464ff72,114
user_0466308ed01d,115
user_1832bcfc7927,116
user_2926318ea313,117
user_303cc95438a9,118
user_eec22aaec9ec,119
user_1327a158f418,120
user_44c86f9741b7,121
user_81e58deff130,122
user_65b086fc2113,123
user_f2583e8017cb,124
user_cba18b7070c0,125
user_1eaaf6e7fbff,126
user_a4becd8c5a10,127
user_95774e77a337,128
user_baf06c5412c4,129
user_5d34b9ec5bb3,130
user_f0cf674eff23,131
user_2dfa0b89eb3b,132
user_3fe1e07ed5ae,133
user_93c08580bd2d,134
user_d68c9fcf19f3,135
user_101011be8254,136
user_dfa94f370b45,137
user_9ed737f3738d,138
user_3b678085155b,139
user_f22feec6f845,140
user_1cfc8b934d29,141
user_604d95c80b00,142
user_d13f1deeef78,143
user_a957eb10eedc,144
user_9372fba29d58,145
user_53f93112eb13,146
user_7175755dae81,147
user_c0e90a36ee46,148
user_3c95a3beba1f,149
user_0182f0f919a6,150
user_f3ca9b6ab1cd,151
user_3a21eb14c916,152
user_7a9e208f8603,153
user_9e00132f3d52,154
user_0016b397b46a,155
user_0166ce0fc752,156
user_59431f6b3fc6,157
user_7c4004a4992b,158
user_526d893f83df,159
user_28c98dba12df,160
user_8ea020e3733b,161
user_a94a89422bfb,162
user_022a078e8da0,163
user_9bc986264d00,164
user_dc4c2a03f06c,165
user_cae64633d72d,166
user_338b3a3ede28,167
user_3b88aa6527fb,168
user_51472b4af962,169
user_9a902cb34834,170
user_0fc1fb1abef2,171
user_f6c2519f14e4,172
user_8851aec03d7a,173
user_53d7020fa629,174
user_80d15214bb04,175
user_cd0784f57c1a,176
user_3bfd6af92bdb,177
user_213b13618b6b,178
user_e471e18e8c53,179
user_7beaa08d3674,180
user_7b41ca1fb126,181
user_db8a95d8b8cb,182
user_cd1070254fdf,183
user_127cec077264,184
user_aea634ddbe00,185
user_7ddd756d1e03,186
user_490f4aa2e49b,187
user_3a9239dccf07,188
user_5e2761db4314,189
user_41adf6a7decf,190
user_c460093374a7,191
user_931ed7dd543b,192
user_b1aae47c2323,193
user_74308e243a6a,194
user_ae653ac880b6,195
user_cb2b89527699,196
user_41a36283c3c4,197
user_3ea1020b9d44,198
user_a8318008f433,199
user_7ee9abb77e83,200
user_ca838e03dfae,201
user_eddcb7fdefc3,202
user_bf7baba72f0b,203
user_d2b01518c239,204
user_736373385955,205
user_e358ae47b30c,206
user_212ffff5b0b2,207
user_b7b1dfc24699,208
user_5109628b8beb,209
user_513301a2dc46,210
user_107e69686d53,211
user_c0bee8ff49ec,212
user_9d1b9e762bc2,213
user_7e589774c6b5,214
user_04f295b0c1de,215
user_c87b340a0f38,216
user_d3bf5defd2b6,217
user_f17676909b76,218
user_803338cbeff7,219
user_49568e8b85e9,220
user_7b3addcb60f5,221
user_e00d9eed780e,222
user_72693cb47afd,223
user_21b9c648a54c,224
user_34aa1b2becc9,225
user_f291aaec95f2,226
user_d0384fea634e,227
user_2529e0c40a34,228
user_ff8b9a2bd48b,229
user_0a6ec73e8540,230
user_535d5cb9085a,231
user_46d004b86d85,232
user_47d78c528288,233
user_a1f1a6eba988,234
user_9c8b4e0bc515,235
user_cf85c17ff6ec,236
user_abba96c423da,237
user_66e172d2dc47,238
user_0446547f8f02,239
user_6c515f496665,240
user_118cb42455ec,241
user_0e07b3eed5e5,242
user_4e6b10314ed6,243
user_cb1a003be876,244
user_16a59e086cf8,245
user_ac133f83e00e,246
user_79577f11a437,247
user_84a9219c1eb8,248
user_84d7047c92a2,249
user_693085b88c7c,250
user_110dd192666b,251
user_f8fe7fc5a16d,252
user_84149bebc0b9,253
user_d58524885a1a,254
user_72cc2a078e11,255
user_6f4456642cf7,256
user_d37d2d67ea5c,257
user_9dc3e7994d2f,258
user_302718a0bf0a,259
user_99e28ad772b3,260
user_272ccc52cf29,261
user_d54b0779b19d,262
user_c197b2d3a4bd,263
user_d0b3cf49a06c,264
user_e2c4c845bed1,265
user_23f4b70f2226,266
user_cca6ace7c1a2,267
user_5dc41212a0fb,268
user_d152cd9d77e8,269
user_3d480dcc6f9f,270
user_e5413fdbef63,271
user_2ca857af9595,272
user_45602fdb9788,273
user_7cda8d893e8a,274
user_ffade85906f6,275
user_0cba1af26717,276
user_9c593463f129,277
user_03177f6ca65b,278
user_c607961043b8,279
user_51007d9e076e,280
user_9f69a71966af,281
user_0edacce9b38a,282
user_a80ae8eeb570,283
user_3da23a53f4cf,284
user_dd221e8e7a15,285
user_99eaab7efa34,286
user_0ccdc6ddacfb,287
user_3a2a285023f2,288
user_31dd74524ff0,289
user_dba9f9f612b2,290
user_63ee0dc7f183,291
user_0adf450a0334,292
user_6c4b67b1795a,293
user_a9f0b88686b1,294
user_258a242eca7e,295
user_6262dfdec3dc,296
user_51d5e7a8a606,297
user_bb833191705f,298
user_80c98d0b8487,299
user_816d847be462,300
user_69d13d21da65,301
user_11434023c553,302
user_ee5e72385b94,303
user_b64d18a52496,304
user_47a342c4f05b,305
user_352da1cedee9,306
user_882d410e6862,307
user_b0b486dd7c57,308
user_c3c90dc9be56,309
user_0992baf6977f,310
user_5c32c225193f,311
user_4b2f358dc18e,312
user_14328d97d0c4,313
user_acce5eec7549,314
user_98f98f9ac140,315
user_698f32204575,316
user_afa698bc2c31,317
user_77da7aedcce7,318
user_81613e79552b,319
user_26d08b49cc8e,320
user_0244e58760ca,321
user_c9326e44ea4d,322
user_503682bb8cd6,323
user_566426b7a1c7,324
user_82d57a5604e6,325
user_fe2d8960138e,326
user_87b5daea46cb,327
user_85318fad65a9,328
user_ffed554f721b,329
user_a12aeff5aefa,330
user_4a17256b5184,331
user_48db78e654b7,332
user_64497bb7b33c,333
user_aaf67c573330,334
user_c7d37fb40dd3,335
user_4c7f7d59e130,336
user_2ea8baaaff02,337
user_87857cf77312,338
user_7349d6ccf30c,339
user_cc0374e155ec,340
user_c395364317b4,341
user_cf98a655d4a1,342
user_48ae8bebf8b0,343
user_a0e7c6e4c55a,344
user_837084c4caa5,345
user_a18b217e4fe8,346
user_3094bc9e753a,347
user_d14a0115c5a0,348
user_d12798ef95a0,349
user_69f619a66331,350
user_76f721e789fa,351
user_26ca63ea08a6,352
user_ea1aecbdf7b9,353
user_3cf30ec6410a,354
user_236d26d5c997,355
user_bda12a078d6e,356
user_125592985fdc,357
user_e597bbb6df73,358
user_ceb39b57d58c,359
user_d9f516b71e89,360
user_db3933cfa922,361
user_b5e86ee1dc65,362
user_5a38d7fc9953,363
user_d988c0558e44,364
user_a1b293644984,365
user_3ac5cf06a309,366
user_4f3b84ec9185,367
user_3dd23a46fc75,368
user_0541ea7a22dd,369
user_a13b22af1564,370
user_afc8da093f3a,371
user_b9a4ccc43cd7,372
user_d63ef6d0793e,373
user_c0500103464e,374
user_20180bcc5ca7,375
user_a4dedd7f5663,376
user_ac84c1042063,377
user_4c37cdd474b9,378
user_23e8a3860325,379
user_50f84a26dcec,380
user_b7c6d079802c,381
user_c8458e01c0d3,382
user_6ff46cb9a581,383
user_651d92c20fe7,384
user_c5064eb8d152,385
user_9f51accba5e1,386
user_d92fd0989161,387
user_8d81d34e911e,388
user_867c3b7835d5,389
user_3c4ed3198ec3,390
user_3bce5cf25cb7,391
user_906f3fd5ec9b,392
user_cd9c90c68a6a,393
user_f3e4bbc9e05c,394
user_03dc0f0a00cf,395
user_30fb9bfb3649,396
user_a593aad6b6c1,397
user_286f70802a82,398
user_cd68fb8f4c09,399
user_c6bfe02c4e8c,400
user_0e76eaa20fe6,401
user_26bac54d4991,402
user_0563a6418bd3,403
user_fe0b4ff70b10,404
user_252ff7ad2b91,405
user_996a9fd86a99,406
user_66cf1ded3417,407
user_5df539013ce9,408
user_4635193211e2,409
user_cbca9e1d0410,410
user_c50bc675fb55,411
user_184f1df989ee,412
user_49e535fa42f6,413
user_91afc6b05383,414
user_e985331fae64,415
user_22dce111a9b9,416
user_7453a124ca72,417
user_b95fedcba75d,418
user_83e543569fd1,419
user_2b3c6226d8f9,420
user_f77772370939,421
user_16b4b57e54c9,422
user_8db75cb8ac62,423
user_ebfec8862853,424
user_6a6588886004,425
user_cbf907b338f8,426
user_4344b9bc0f28,427
user_1cd7e693a1bc,428
user_d879a132e8f0,429
user_4731590a449c,430
user_880e8f09d900,431
user_2d26ff908199,432
user_ca1fb85c96f9,433
user_5d05271ed740,434
user_0941361c8d3a,435
user_f83ca9633ce9,436
user_25f98b472534,437
user_7e08627c5b38,438
user_65bd22afd34a,439
user_3c4195818153,440
user_051620434f13,441
user_2c9c41c5da50,442
user_14ed0b50d722,443
user_5d849ac4d48f,444
user_33fa0de1e4ec,445
user_8f617855262a,446
user_130d96f932ba,447
user_54c024d9dd38,448
user_117a86409b5f,449
user_e9d444ecb51b,450
user_9df83c6d4db6,451
user_b5986523b7b4,452
user_e441f6fdf376,453
user_2feb328d9239,454
user_ffba93c6d018,455
user_cc9f6eb12565,456
user_46e5e8f5cd19,457
user_d12a63d01a5f,458
user_b287412f9e58,459
user_8720361aa779,460
user_ea427cfc86a6,461
user_ee9abd650403,462
user_d3c5f2a4ce1d,463
user_4dda2c1b0a48,464
user_f53aa139e818,465
user_7bfcce2a70fc,466
user_4b6058b9061d,467
user_b8a1375f85fe,468
user_20618dfb4e2f,469
user_8123660de28a,470
user_e70216f01761,471
user_f87c0b880adc,472
user_350908b2e897,473
user_348dabe82ce5,474
user_6fafade739ef,475
user_680f839373cd,476
user_788fba17f499,477
user_ee3a9119064f,478
user_d485b701dccc,479
user_68c83df756de,480
user_31996c59402f,481
user_c5d07743ef45,482
user_ad685ec775cf,483
user_9c13761b4140,484
user_44a3b1ce206e,485
user_57fd84d2b665,486
user_613719db02c6,487
user_92cbadff7421,488
user_6c0ec61be504,489
user_2f92e1a762ca,490
user_225748ccca08,491
user_274a9e72fd36,492
user_957fad1599a8,493
user_54f3bc0b4743,494
user_7aaee3a0dd5d,495
user_b9ecf2e76e84,496
user_cce78aedce2f,497
user_1238aca6c772,498
user_084a7aa38dad,499
user_be101b167058,500
user_9344aa9f4878,501
user_0cf4843bfe64,502
user_50185622895d,503
user_21646b64784a,504
user_6820fbc2650c,505
user_523e4c82e278,506
user_09c5010df531,507
user_8dd7345fc0e2,508
user_b2f57f3d44a9,509
user_0848e948c9a2,510
user_6126877fbaa4,511
user_9e232a8a7d47,512
user_9f5aaa182527,513
user_bd551ae9081d,514
user_b7e9b585e97f,515
user_323f37f33ebe,516
user_ab86edfe1204,517
user_940e8df88db5,518
user_d0aa54e886c2,519
user_6e4022b52b4e,520
user_344bbba6d343,521
user_377d8b27b281,522
user_49af3ebb09fb,523
user_f5b804b1e14a,524
user_9ec27300b952,525
user_add5eada8290,526
user_5650756fb002,527
user_53393131ee4f,528
user_8f1abad91bf2,529
user_10ca04f62fdf,530
user_4d234ffb6865,531
user_83ccbff5b6d1,532
user_ad10e2641344,533
user_4b90b59633a4,534
user_9b1d3fdf6b66,535
user_06806c586fdd,536
user_562cc058555d,537
user_2489a95900cb,538
user_bb766a9c2c68,539
user_06a8b050fffe,540
user_ad9bfa7152aa,541
user_8105d7e15566,542
user_9ac7bd1ed3b3,543
user_2c5691f361b9,544
user_ac07bc20fed0,545
user_5ddde615fc1f,546
user_aab5c1c8e4d0,547
user_a793e5e45e7d,548
user_bfe45a9be599,549
user_acea4708430c,550
user_fa2ba61d5aed,551
